conum;year;gdp;pop;gold;silver;bronze;medaltot;host;planned;soviet;share
1;80;26600000000;16000000;0;0;0;0;0;0;0;0
1;84;29900000000;17600000;NA;NA;NA;NA;0;0;0;NA
2;80;2450000000;2671000;NA;NA;NA;NA;0;1;0;NA
2;84;2660000000;2897000;NA;NA;NA;NA;0;1;0;NA
2;88;2800000000;3138000;NA;NA;NA;NA;0;1;0;NA
3;80;31600000000;18700000;0;0;0;0;0;0;0;0
3;84;38500000000;21200000;0;0;2;2;0;0;0;0
3;60;12400000000;10800000;NA;NA;NA;NA;0;0;0;NA
6;80;4990000000;7019000;0;0;0;0;0;0;0;0
6;84;5190000000;7799500;NA;NA;NA;NA;0;0;0;NA
7;84;248000000;61800;0;0;0;0;0;0;0;0
7;80;207000000;61000;NA;NA;NA;NA;0;0;0;NA
8;84;231000000000;29900000;0;0;0;0;0;0;0;0
8;80;237000000000;28100000;NA;NA;NA;NA;0;0;0;NA
9;92;3000000000;3686000;NA;NA;NA;NA;0;0;0;NA
11;80;231000000000;14700000;2;2;5;9;0;0;0;0
11;84;258000000000;15500000;4;8;12;24;0;0;0;0
12;84;176000000000;7552000;1;1;1;3;0;0;0;0
12;80;167000000000;7553000;1;2;1;4;0;0;0;0
13;88;11700000000;7004000;NA;NA;NA;NA;0;0;0;NA
13;92;6220000000;7333000;NA;NA;NA;NA;0;0;0;NA
14;84;3060000000;229000;0;0;0;0;0;0;0;0
14;80;2670000000;210000;NA;NA;NA;NA;0;0;0;NA
15;84;3930000000;407330;0;0;0;0;0;0;0;0
15;76;3070000000;275000;NA;NA;NA;NA;0;0;0;NA
15;80;4020000000;334000;NA;NA;NA;NA;0;0;0;NA
16;84;23800000000;95600000;0;0;0;0;0;0;0;0
16;60;11100000000;51400000;NA;NA;NA;NA;0;0;0;NA
16;64;13700000000;56800000;NA;NA;NA;NA;0;0;0;NA
16;68;15300000000;63100000;NA;NA;NA;NA;0;0;0;NA
16;72;13300000000;70400000;NA;NA;NA;NA;0;0;0;NA
16;76;16200000000;78600000;NA;NA;NA;NA;0;0;0;NA
16;80;19000000000;86700000;NA;NA;NA;NA;0;0;0;NA
17;84;1510000000;252600;0;0;0;0;0;0;0;0
17;60;635000000;230700;NA;NA;NA;NA;0;0;0;NA
17;64;744000000;234300;NA;NA;NA;NA;0;0;0;NA
17;80;1580000000;249100;NA;NA;NA;NA;0;0;0;NA
18;92;25500000000;10300000;NA;NA;NA;NA;0;0;0;NA
19;84;219000000000;9853000;1;1;2;4;0;0;0;0
19;80;214000000000;9847000;1;0;0;1;0;0;0;0
20;84;300000000;162000;0;0;0;0;0;0;0;0
20;60;89000000;91050;NA;NA;NA;NA;0;0;0;NA
20;64;108000000;104600;NA;NA;NA;NA;0;0;0;NA
20;80;297000000;146000;NA;NA;NA;NA;0;0;0;NA
21;80;1210000000;3464000;0;0;0;0;0;0;0;0
21;84;1410000000;3916360;0;0;0;0;0;0;0;0
21;60;697000000;2050000;NA;NA;NA;NA;0;0;0;NA
21;64;775000000;2271830;NA;NA;NA;NA;0;0;0;NA
21;68;887000000;2522050;NA;NA;NA;NA;0;0;0;NA
21;72;977000000;2799960;NA;NA;NA;NA;0;0;0;NA
21;92;1780000000;5029000;NA;NA;NA;NA;0;0;0;NA
22;84;1920000000;55600;0;0;0;0;0;0;0;0
22;80;1880000000;54000;NA;NA;NA;NA;0;0;0;NA
23;84;160000000;528080;0;0;0;0;0;0;0;0
23;80;119000000;487880;NA;NA;NA;NA;0;0;0;NA
24;84;5010000000;5780480;0;0;0;0;0;0;0;0
24;60;2080000000;3351000;NA;NA;NA;NA;0;0;0;NA
24;80;5440000000;5355000;NA;NA;NA;NA;0;0;0;NA
26;80;1410000000;906000;0;0;0;0;0;0;0;0
26;84;2140000000;1043830;0;0;0;0;0;0;0;0
26;60;154000000;480000;NA;NA;NA;NA;0;0;0;NA
26;64;198000000;533960;NA;NA;NA;NA;0;0;0;NA
26;68;252000000;596850;NA;NA;NA;NA;0;0;0;NA
26;72;522000000;682480;NA;NA;NA;NA;0;0;0;NA
26;76;904000000;786150;NA;NA;NA;NA;0;0;0;NA
27;84;506000000000;133000000;1;5;2;8;0;0;0;0
27;80;517000000000;122000000;2;0;2;4;0;0;0;0
28;84;122000000;NA;0;0;0;0;0;0;0;NA
28;88;161000000;NA;0;0;0;0;0;0;0;NA
28;92;191000000;NA;NA;NA;NA;NA;0;0;0;NA
29;76;4270000000;167420;NA;NA;NA;NA;0;0;0;NA
29;80;5760000000;193000;NA;NA;NA;NA;0;0;0;NA
29;84;4860000000;217300;NA;NA;NA;NA;0;0;0;NA
30;80;11800000000;8862000;8;16;17;41;0;0;1;0
30;84;13500000000;8925000;NA;NA;NA;NA;0;0;1;NA
31;60;781000000;4630000;NA;NA;NA;NA;0;0;0;NA
31;64;871000000;5003720;NA;NA;NA;NA;0;0;0;NA
31;68;1020000000;5414820;NA;NA;NA;NA;0;0;0;NA
31;72;1080000000;5848380;NA;NA;NA;NA;0;0;0;NA
31;80;1440000000;6962000;NA;NA;NA;NA;0;0;0;NA
31;84;1620000000;7689580;NA;NA;NA;NA;0;0;0;NA
32;60;373000000;2941000;NA;NA;NA;NA;0;0;0;NA
32;64;388000000;3140770;NA;NA;NA;NA;0;0;0;NA
32;68;479000000;3413680;NA;NA;NA;NA;0;0;0;NA
32;72;551000000;3561000;NA;NA;NA;NA;0;0;0;NA
32;76;635000000;3744380;NA;NA;NA;NA;0;0;0;NA
32;80;720000000;4130000;NA;NA;NA;NA;0;0;0;NA
32;84;830000000;4609610;NA;NA;NA;NA;0;0;0;NA
32;88;1060000000;5158420;NA;NA;NA;NA;0;0;0;NA
32;92;1180000000;5748200;NA;NA;NA;NA;0;0;0;NA
33;88;2090000000;8115690;NA;NA;NA;NA;0;0;0;NA
33;92;2520000000;9193480;NA;NA;NA;NA;0;0;0;NA
34;80;6320000000;8655000;0;0;0;0;0;0;0;0
34;84;9140000000;9692440;0;0;0;0;0;0;0;0
34;60;2740000000;5296000;NA;NA;NA;NA;0;0;0;NA
35;84;439000000000;25700000;10;18;16;44;0;0;0;0
35;80;404000000000;24600000;NA;NA;NA;NA;0;0;0;NA
36;84;271000000;304840;NA;NA;NA;NA;0;0;0;NA
36;88;333000000;327970;NA;NA;NA;NA;0;0;0;NA
36;92;371000000;354740;NA;NA;NA;NA;0;0;0;NA
37;84;336000000;20389,2402344;0;0;0;0;0;0;0;0
37;80;259000000;17465,1503906;NA;NA;NA;NA;0;0;0;NA
37;92;605000000;27788,0703125;NA;NA;NA;NA;0;0;0;NA
38;84;1060000000;2545150;0;0;0;0;0;0;0;0
38;60;722000000;1534000;NA;NA;NA;NA;0;0;0;NA
38;64;739000000;1646220;NA;NA;NA;NA;0;0;0;NA
38;72;883000000;1926720;NA;NA;NA;NA;0;0;0;NA
38;80;992000000;2313000;NA;NA;NA;NA;0;0;0;NA
39;84;878000000;4988890;0;0;0;0;0;0;0;0
39;60;888000000;3064000;NA;NA;NA;NA;0;0;0;NA
39;80;787000000;4477000;NA;NA;NA;NA;0;0;0;NA
40;80;27000000000;11100000;NA;NA;NA;NA;0;0;0;NA
40;84;26400000000;11900000;NA;NA;NA;NA;0;0;0;NA
41;84;240000000000;1040000000;15;8;9;32;0;1;0;0
41;60;66100000000;667000000;NA;NA;NA;NA;0;1;0;NA
41;64;57800000000;698000000;NA;NA;NA;NA;0;1;0;NA
41;68;68500000000;775000000;NA;NA;NA;NA;0;1;0;NA
41;72;107000000000;862000000;NA;NA;NA;NA;0;1;0;NA
41;76;119000000000;931000000;NA;NA;NA;NA;0;1;0;NA
41;80;167000000000;981000000;NA;NA;NA;NA;0;1;0;NA
42;80;46000000000;28400000;0;0;0;0;0;0;0;0
42;84;49800000000;31000000;0;1;0;1;0;0;0;0
43;80;167000000;335000;NA;NA;NA;NA;0;0;0;NA
43;84;201000000;369450;NA;NA;NA;NA;0;0;0;NA
43;88;219000000;409860;NA;NA;NA;NA;0;0;0;NA
43;92;229000000;455260;NA;NA;NA;NA;0;0;0;NA
44;84;9220000000;30700000;0;0;0;0;0;0;0;0
44;60;6020000000;15300000;NA;NA;NA;NA;0;0;0;NA
44;64;6680000000;17100000;NA;NA;NA;NA;0;0;0;NA
44;68;7440000000;19200000;NA;NA;NA;NA;0;0;0;NA
44;80;8460000000;27000000;NA;NA;NA;NA;0;0;0;NA
45;80;1290000000;1669000;0;0;0;0;0;0;0;0
45;84;2130000000;1868080;0;0;0;0;0;0;0;0
45;60;464000000;988000;NA;NA;NA;NA;0;0;0;NA
47;80;5680000000;2284000;0;0;0;0;0;0;0;0
47;84;5710000000;2565010;0;0;0;0;0;0;0;0
47;60;1820000000;1236000;NA;NA;NA;NA;0;0;0;NA
48;84;8220000000;9532520;0;1;0;1;0;0;0;0
48;60;2200000000;3779000;NA;NA;NA;NA;0;0;0;NA
48;80;8480000000;8194000;NA;NA;NA;NA;0;0;0;NA
50;80;16800000000;9710000;8;7;5;20;0;0;1;0
50;84;24100000000;9994000;NA;NA;NA;NA;0;0;1;NA
50;88;25800000000;10400000;NA;NA;NA;NA;0;0;1;NA
51;80;3600000000;611000;0;0;0;0;0;0;0;0
51;84;4530000000;640000;0;0;0;0;0;0;0;0
51;60;1270000000;573000;NA;NA;NA;NA;0;0;0;NA
51;64;1480000000;580000;NA;NA;NA;NA;0;0;0;NA
51;68;2280000000;602000;NA;NA;NA;NA;0;0;0;NA
51;76;2480000000;610070;NA;NA;NA;NA;0;0;0;NA
51;72;3090000000;613000;NA;NA;NA;NA;0;0;0;NA
53;80;134000000000;5123000;2;1;2;5;0;0;0;0
53;84;146000000000;5112000;0;3;3;6;0;0;0;0
54;84;460000000;366670;0;0;0;0;0;0;0;0
55;92;212000000;71940;NA;NA;NA;NA;0;0;0;NA
55;88;197000000;72770;NA;NA;NA;NA;0;0;0;NA
55;80;123000000;73350;NA;NA;NA;NA;0;0;0;NA
55;84;156000000;73830;NA;NA;NA;NA;0;0;0;NA
56;80;7550000000;5697000;0;0;0;0;0;0;0;0
56;84;8370000000;6235340;0;0;1;1;0;0;0;0
56;60;2200000000;3231000;NA;NA;NA;NA;0;0;0;NA
57;80;12300000000;7961000;0;0;0;0;0;0;0;0
57;84;13100000000;8867070;0;0;0;0;0;0;0;0
57;60;3450000000;4439000;NA;NA;NA;NA;0;0;0;NA
57;64;4100000000;4992720;NA;NA;NA;NA;0;0;0;NA
58;84;38200000000;45300000;0;1;0;1;0;0;0;0
58;60;9160000000;25900000;NA;NA;NA;NA;0;0;0;NA
58;64;12100000000;28600000;NA;NA;NA;NA;0;0;0;NA
58;68;13700000000;31700000;NA;NA;NA;NA;0;0;0;NA
58;80;29400000000;40900000;NA;NA;NA;NA;0;0;0;NA
59;84;6320000000;4730060;0;0;0;0;0;0;0;0
59;60;3380000000;2578000;NA;NA;NA;NA;0;0;0;NA
59;64;4470000000;2911770;NA;NA;NA;NA;0;0;0;NA
59;80;7320000000;4586000;NA;NA;NA;NA;0;0;0;NA
60;84;99300000;294840;0;0;0;0;0;0;0;0
61;92;521000000;3306260;NA;NA;NA;NA;0;0;0;NA
61;96;613000000;3670000;NA;NA;NA;NA;0;0;0;NA
63;80;4100000000;37700000;2;0;2;4;0;0;0;0
63;84;4560000000;42200000;NA;NA;NA;NA;0;0;0;NA
63;88;5140000000;47600000;NA;NA;NA;NA;0;0;0;NA
64;84;1530000000;686000;0;0;0;0;0;0;0;0
64;64;674000000;449000;NA;NA;NA;NA;0;0;0;NA
64;80;1470000000;634000;NA;NA;NA;NA;0;0;0;NA
65;80;95200000000;4780000;3;1;4;8;0;0;0;0
65;84;106000000000;4882000;4;2;6;12;0;0;0;0
66;84;750000000;2063550;0;0;0;0;0;0;0;0
67;84;2770000000;7350852;0;0;0;0;0;0;0;0
68;84;1220000000000;54900000;5;7;16;28;0;0;0;0
68;80;1150000000000;53900000;6;5;3;14;0;0;0;0
69;84;4120000000;788040;0;0;0;0;0;0;0;0
69;60;880000000;486000;NA;NA;NA;NA;0;0;0;NA
69;68;1450000000;491900;NA;NA;NA;NA;0;0;0;NA
69;64;1200000000;498420;NA;NA;NA;NA;0;0;0;NA
69;80;3570000000;691000;NA;NA;NA;NA;0;0;0;NA
70;84;284000000;719060;0;0;0;0;0;0;0;0
70;68;138000000;438490;NA;NA;NA;NA;0;0;0;NA
70;72;150000000;495250;NA;NA;NA;NA;0;0;0;NA
70;76;209000000;566650;NA;NA;NA;NA;0;0;0;NA
70;80;241000000;641000;NA;NA;NA;NA;0;0;0;NA
70;92;367000000;1001050;NA;NA;NA;NA;0;0;0;NA
71;92;5510000000;5454900;NA;NA;NA;NA;0;0;0;NA
72;60;59400000000;NA;3;9;7;19;0;0;1;NA
72;80;143000000000;17100000;47;37;42;126;0;0;1;0
72;84;167000000000;16700000;NA;NA;NA;NA;0;0;1;NA
72;64;65800000000;18500000;NA;NA;NA;NA;0;0;1;NA
73;84;1470000000000;60900000;17;19;23;59;0;0;0;0
73;60;675000000000;NA;13;19;13;45;0;0;0;NA
73;80;1440000000000;60600000;NA;NA;NA;NA;0;0;0;NA
75;84;3940000000;12200000;0;0;0;0;0;0;0;0
75;80;4230000000;10700000;NA;NA;NA;NA;0;0;0;NA
76;80;90400000000;9643000;1;0;2;3;0;0;0;0
76;84;93700000000;9896000;0;1;1;2;0;0;0;0
77;84;176000000;89749;0;0;0;0;0;0;0;0
77;80;154000000;90100;NA;NA;NA;NA;0;0;0;NA
79;80;10900000000;6820000;0;0;0;0;0;0;0;0
79;84;10400000000;7544610;0;0;0;0;0;0;0;0
79;60;3680000000;3963000;NA;NA;NA;NA;0;0;0;NA
79;64;4550000000;4441920;NA;NA;NA;NA;0;0;0;NA
80;80;503000000;4461000;0;0;0;0;0;0;0;0
80;84;1470000000;4860550;0;0;0;0;0;0;0;0
81;72;124000000;553020;NA;NA;NA;NA;0;0;0;NA
81;76;149000000;659090;NA;NA;NA;NA;0;0;0;NA
81;80;134000000;795000;NA;NA;NA;NA;0;0;0;NA
81;84;174000000;855030;NA;NA;NA;NA;0;0;0;NA
81;88;193000000;937690;NA;NA;NA;NA;0;0;0;NA
81;92;231000000;1012400;NA;NA;NA;NA;0;0;0;NA
82;80;614000000;759000;0;0;1;1;0;0;0;0
82;84;479000000;788720;0;0;0;0;0;0;0;0
82;88;472000000;794200;NA;NA;NA;NA;0;0;0;NA
83;84;3080000000;5751350;0;0;0;0;0;0;0;0
83;64;2070000000;4071870;NA;NA;NA;NA;0;0;0;NA
83;68;2080000000;4365880;NA;NA;NA;NA;0;0;0;NA
83;80;3250000000;5353000;NA;NA;NA;NA;0;0;0;NA
84;84;2760000000;4056920;0;0;0;0;0;0;0;0
84;60;980000000;1894000;NA;NA;NA;NA;0;0;0;NA
84;64;1150000000;2174670;NA;NA;NA;NA;0;0;0;NA
84;72;1720000000;2748530;NA;NA;NA;NA;0;0;0;NA
84;80;2640000000;3569000;NA;NA;NA;NA;0;0;0;NA
85;84;74500000000;5370000;0;0;0;0;0;0;0;0
85;80;56900000000;5039000;NA;NA;NA;NA;0;0;0;NA
86;80;45000000000;10700000;7;10;15;32;0;0;1;0
86;84;49200000000;10600000;NA;NA;NA;NA;0;0;1;NA
87;80;5150000000;228000;0;0;0;0;0;0;0;0
87;84;5590000000;239000;0;0;1;1;0;0;0;0
88;80;147000000000;687000000;1;0;0;1;0;0;0;0
88;84;181000000000;750000000;0;0;0;0;0;0;0;0
89;84;95000000000;160000000;0;0;0;0;0;0;0;0
89;64;25600000000;102000000;NA;NA;NA;NA;0;0;0;NA
89;80;74700000000;148000000;NA;NA;NA;NA;0;0;0;NA
90;80;55600000000;39100000;NA;NA;NA;NA;0;0;0;NA
90;84;70400000000;45300000;NA;NA;NA;NA;0;0;0;NA
91;80;99300000000;13000000;0;0;0;0;0;0;0;0
91;84;73700000000;14800000;0;0;0;0;0;0;0;0
91;72;38600000000;9985110;NA;NA;NA;NA;0;0;0;NA
92;80;34000000000;3401000;0;1;0;1;0;0;0;0
92;84;37400000000;3529000;0;1;0;1;0;0;0;0
93;84;49300000000;4159000;0;0;0;0;0;0;0;0
93;80;44100000000;3878000;NA;NA;NA;NA;0;0;0;NA
94;80;825000000000;56400000;8;3;4;15;0;0;0;0
94;84;865000000000;56600000;14;6;12;32;0;0;0;0
95;80;3110000000;2133000;0;0;3;3;0;0;0;0
95;84;3270000000;2279900;0;1;2;3;0;0;0;0
95;60;2100000000;1629000;NA;NA;NA;NA;0;0;0;NA
96;84;3650000000000;120000000;10;8;14;32;0;0;0;0
96;80;3230000000000;117000000;NA;NA;NA;NA;0;0;0;NA
97;80;3770000000;2181000;0;0;0;0;0;0;0;0
97;84;4700000000;2551300;0;0;0;0;0;0;0;0
98;92;27500000000;16500000;NA;NA;NA;NA;0;0;0;NA
99;84;6100000000;19200000;1;0;2;3;0;0;0;0
99;80;5620000000;16600000;NA;NA;NA;NA;0;0;0;NA
100;72;60900000;50560;NA;NA;NA;NA;0;0;0;NA
100;76;82600000;53850;NA;NA;NA;NA;0;0;0;NA
100;80;39100000;58100;NA;NA;NA;NA;0;0;0;NA
100;84;52700000;63560;NA;NA;NA;NA;0;0;0;NA
100;88;43900000;69380;NA;NA;NA;NA;0;0;0;NA
100;92;45000000;75350;NA;NA;NA;NA;0;0;0;NA
100;96;48700000;81600;NA;NA;NA;NA;0;0;0;NA
101;84;185000000000;40400000;6;6;7;19;0;0;0;0
101;80;134000000000;38100000;NA;NA;NA;NA;0;0;0;NA
102;80;23300000000;1375000;0;0;0;0;0;0;0;0
102;84;19200000000;1655470;0;0;0;0;0;0;0;0
102;64;18400000000;419510;NA;NA;NA;NA;0;0;0;NA
102;68;23300000000;635550;NA;NA;NA;NA;0;0;0;NA
103;92;5250000000;4493000;NA;NA;NA;NA;0;0;0;NA
104;80;904000000;3205000;0;0;0;0;0;0;0;0
104;84;1030000000;3494020;NA;NA;NA;NA;0;0;0;NA
106;80;2470000000;3002350;0;0;1;1;0;0;0;0
106;84;3170000000;3211290;0;0;0;0;0;0;0;0
107;80;419000000;1346000;0;0;0;0;0;0;0;0
107;84;411000000;1488700;0;0;0;0;0;0;0;0
107;60;125000000;870000;NA;NA;NA;NA;0;0;0;NA
107;64;176000000;944210;NA;NA;NA;NA;0;0;0;NA
107;68;198000000;1021740;NA;NA;NA;NA;0;0;0;NA
108;80;1280000000;1876000;0;0;0;0;0;0;0;0
108;84;1400000000;2134670;0;0;0;0;0;0;0;0
108;68;999000000;1304850;NA;NA;NA;NA;0;0;0;NA
109;80;26600000000;3043000;0;0;0;0;0;0;0;0
109;84;26000000000;3624840;0;0;0;0;0;0;0;0
110;84;1200000000;30000;0;0;0;0;0;0;0;0
110;80;919000000;30000;NA;NA;NA;NA;0;0;0;NA
112;80;8580000000;364900;0;0;0;0;0;0;0;0
112;84;9440000000;366200;0;0;0;0;0;0;0;0
113;84;3610000000;293270;NA;NA;NA;NA;0;0;0;NA
113;88;4840000000;345230;NA;NA;NA;NA;0;0;0;NA
113;92;6230000000;397910;NA;NA;NA;NA;0;0;0;NA
113;96;6920000000;439220;NA;NA;NA;NA;0;0;0;NA
114;92;2210000000;1925000;NA;NA;NA;NA;0;0;0;NA
115;80;3050000000;8873000;0;0;0;0;0;0;0;0
115;84;2770000000;9852150;0;0;0;0;0;0;0;0
115;60;2050000000;5367000;NA;NA;NA;NA;0;0;0;NA
115;88;2990000000;11000000;NA;NA;NA;NA;0;0;0;NA
116;84;1100000000;6960730;0;0;0;0;0;0;0;0
116;60;360000000;3529000;NA;NA;NA;NA;0;0;0;NA
116;64;395000000;3879350;NA;NA;NA;NA;0;0;0;NA
116;68;535000000;4268710;NA;NA;NA;NA;0;0;0;NA
116;80;1040000000;6183000;NA;NA;NA;NA;0;0;0;NA
117;84;41900000000;15300000;0;0;0;0;0;0;0;0
117;80;32300000000;13800000;NA;NA;NA;NA;0;0;0;NA
119;80;1740000000;6590000;0;0;0;0;0;0;0;0
119;84;1740000000;7208810;0;0;0;0;0;0;0;0
119;60;835000000;4350000;NA;NA;NA;NA;0;0;0;NA
120;84;1820000000;350880;0;0;0;0;0;0;0;0
120;80;1720000000;364000;0;0;0;0;0;0;0;0
120;64;380000000;318990;NA;NA;NA;NA;0;0;0;NA
121;92;94800000;NA;NA;NA;NA;NA;0;0;0;NA
121;96;89200000;NA;NA;NA;NA;NA;0;0;0;NA
121;88;93300000;NA;NA;NA;NA;NA;0;0;0;NA
122;84;763000000;1719570;0;0;0;0;0;0;0;0
122;60;291000000;991000;NA;NA;NA;NA;0;0;0;NA
122;64;424000000;1073570;NA;NA;NA;NA;0;0;0;NA
122;68;563000000;1168280;NA;NA;NA;NA;0;0;0;NA
122;72;646000000;1277720;NA;NA;NA;NA;0;0;0;NA
122;80;752000000;1551000;NA;NA;NA;NA;0;0;0;NA
122;92;925000000;2142140;NA;NA;NA;NA;0;0;0;NA
123;84;2040000000;1009230;0;0;0;0;0;0;0;0
123;60;739000000;660000;NA;NA;NA;NA;0;0;0;NA
123;64;971000000;736380;NA;NA;NA;NA;0;0;0;NA
123;68;939000000;798410;NA;NA;NA;NA;0;0;0;NA
123;72;1110000000;852050;NA;NA;NA;NA;0;0;0;NA
123;80;1740000000;966000;NA;NA;NA;NA;0;0;0;NA
124;84;235000000000;73900000;2;3;1;6;0;0;0;0
124;80;232000000000;67600000;0;1;3;4;0;0;0;0
125;88;192000000;92170;NA;NA;NA;NA;0;0;0;NA
125;92;190000000;99990;NA;NA;NA;NA;0;0;0;NA
125;96;207000000;109000;NA;NA;NA;NA;0;0;0;NA
126;92;4610000000;4351000;NA;NA;NA;NA;0;0;0;NA
127;80;528000000;30000;0;2;2;4;0;0;0;0
127;84;594000000;30000;0;0;0;0;0;0;0;0
128;84;865000000;1853550;0;0;0;0;0;0;0;0
128;60;451000000;959000;NA;NA;NA;NA;0;0;0;NA
128;80;697000000;1663000;NA;NA;NA;NA;0;0;0;NA
129;84;23900000000;21200000;2;0;0;2;0;0;0;0
129;80;21600000000;19400000;NA;NA;NA;NA;0;0;0;NA
130;80;1630000000;12100000;0;0;0;0;0;0;0;0
130;84;1250000000;13300000;0;0;0;0;0;0;0;0
131;80;23300000000;33800000;0;0;0;0;0;0;0;0
131;84;29200000000;36800000;0;0;0;0;0;0;0;0
131;88;26800000000;39500000;NA;NA;NA;NA;0;0;0;NA
132;80;2460000000;1030000;NA;NA;NA;NA;0;0;0;NA
132;84;2410000000;1146570;NA;NA;NA;NA;0;0;0;NA
132;88;2620000000;1278310;NA;NA;NA;NA;0;0;0;NA
133;96;283000000;NA;0;0;0;0;0;0;0;NA
133;92;239000000;NA;NA;NA;NA;NA;0;0;0;NA
133;88;178000000;NA;NA;NA;NA;NA;0;0;0;NA
134;80;2150000000;14500000;0;0;0;0;0;0;0;0
134;84;2570000000;16100000;0;0;0;0;0;0;0;0
134;60;1370000000;9263000;NA;NA;NA;NA;0;0;0;NA
134;68;1630000000;10800000;NA;NA;NA;NA;0;0;0;NA
135;84;298000000000;14400000;5;2;6;13;0;0;0;0
135;80;289000000000;14200000;0;1;2;3;0;0;0;0
136;84;1400000000;180170;0;0;0;0;0;0;0;0
136;80;1240000000;174000;NA;NA;NA;NA;0;0;0;NA
137;84;50200000000;3252800;8;1;2;11;0;0;0;0
137;80;43500000000;3113000;0;0;0;0;0;0;0;0
138;80;2030000000;2921000;0;0;0;0;0;0;0;0
138;84;2180000000;3312710;0;0;0;0;0;0;0;0
138;60;994000000;1542000;NA;NA;NA;NA;0;0;0;NA
138;64;1460000000;1752070;NA;NA;NA;NA;0;0;0;NA
138;88;1790000000;3657870;NA;NA;NA;NA;0;0;0;NA
139;60;1230000000;3028000;NA;NA;NA;NA;0;0;0;NA
139;80;1830000000;5586000;NA;NA;NA;NA;0;0;0;NA
139;84;1480000000;6395810;NA;NA;NA;NA;0;0;0;NA
140;80;22500000000;71100000;0;0;0;0;0;0;0;0
140;84;17600000000;80700000;0;1;1;2;0;0;0;0
141;80;26700000000;17700000;0;3;2;5;0;1;0;0
141;84;23800000000;18700000;NA;NA;NA;NA;0;1;0;NA
141;88;25400000000;19800000;NA;NA;NA;NA;0;1;0;NA
142;84;107000000000;4140000;0;1;2;3;0;0;0;0
142;80;96500000000;4091000;NA;NA;NA;NA;0;0;0;NA
143;84;6870000000;1345380;0;0;0;0;0;0;0;0
143;60;389000000;558000;NA;NA;NA;NA;0;0;0;NA
143;64;494000000;616210;NA;NA;NA;NA;0;0;0;NA
143;68;1580000000;684020;NA;NA;NA;NA;0;0;0;NA
143;72;2500000000;763010;NA;NA;NA;NA;0;0;0;NA
143;76;3590000000;887800;NA;NA;NA;NA;0;0;0;NA
143;80;3860000000;1101000;NA;NA;NA;NA;0;0;0;NA
144;84;33900000000;92300000;1;0;0;1;0;0;0;0
144;80;26300000000;82700000;NA;NA;NA;NA;0;0;0;NA
145;84;5960000000;2122860;0;0;0;0;0;0;0;0
145;80;5280000000;1950000;NA;NA;NA;NA;0;0;0;NA
146;84;3140000000;3367900;0;0;0;0;0;0;0;0
146;60;1230000000;1920000;NA;NA;NA;NA;0;0;0;NA
146;64;1570000000;2097780;NA;NA;NA;NA;0;0;0;NA
146;68;1990000000;2308380;NA;NA;NA;NA;0;0;0;NA
146;72;2680000000;2535130;NA;NA;NA;NA;0;0;0;NA
146;80;3050000000;3086000;NA;NA;NA;NA;0;0;0;NA
146;88;3620000000;3673550;NA;NA;NA;NA;0;0;0;NA
147;84;6090000000;3501040;0;0;0;0;0;0;0;0
147;60;1630000000;1842000;NA;NA;NA;NA;0;0;0;NA
147;64;1910000000;2030320;NA;NA;NA;NA;0;0;0;NA
147;72;2790000000;2462550;NA;NA;NA;NA;0;0;0;NA
147;80;5830000000;3114000;NA;NA;NA;NA;0;0;0;NA
148;80;48200000000;17300000;0;0;0;0;0;0;0;0
148;84;46800000000;19100000;0;1;0;1;0;0;0;0
149;84;57000000000;53200000;0;0;0;0;0;0;0;0
149;80;56400000000;48300000;NA;NA;NA;NA;0;0;0;NA
150;80;108000000000;35600000;3;14;15;32;0;0;1;0
150;84;103000000000;36900000;NA;NA;NA;NA;0;0;1;NA
151;84;71400000000;9989000;1;0;2;3;0;0;0;0
151;80;70300000000;9766000;0;0;0;0;0;0;0;0
152;80;27200000000;3206000;0;0;0;0;0;0;0;0
152;84;28600000000;3344840;0;1;1;2;0;0;0;0
153;84;7270000000;327890;0;0;0;0;0;0;0;0
154;80;36500000000;22200000;6;6;13;25;0;0;1;0
154;84;42600000000;22600000;20;16;17;53;0;0;1;0
155;80;1190000000000;265000000;80;69;46;195;1;0;1;0
155;84;1110000000000;275000000;NA;NA;NA;NA;0;0;1;NA
157;84;1810000000;5856100;0;0;0;0;0;0;0;0
157;60;757000000;2742000;NA;NA;NA;NA;0;0;0;NA
157;64;636000000;3086840;NA;NA;NA;NA;0;0;0;NA
157;68;834000000;3498060;NA;NA;NA;NA;0;0;0;NA
157;72;995000000;3975940;NA;NA;NA;NA;0;0;0;NA
157;76;1220000000;4528810;NA;NA;NA;NA;0;0;0;NA
157;80;1660000000;5163000;NA;NA;NA;NA;0;0;0;NA
158;84;138000000;157130;0;0;0;0;0;0;0;0
158;80;151000000;155000;NA;NA;NA;NA;0;0;0;NA
159;80;406000000;20000;0;0;0;0;0;0;0;0
159;84;445000000;20000;0;0;0;0;0;0;0;0
159;64;280000000;20000;NA;NA;NA;NA;0;0;0;NA
160;88;41700000;108630;NA;NA;NA;NA;0;0;0;NA
160;92;43000000;121760;NA;NA;NA;NA;0;0;0;NA
161;84;94300000000;11700000;0;0;0;0;0;0;0;0
161;60;15100000000;4075000;NA;NA;NA;NA;0;0;0;NA
161;64;22300000000;4645480;NA;NA;NA;NA;0;0;0;NA
161;68;31800000000;5309840;NA;NA;NA;NA;0;0;0;NA
161;80;106000000000;9372000;NA;NA;NA;NA;0;0;0;NA
162;80;3090000000;5538000;0;0;0;0;0;0;0;0
162;84;3450000000;6197760;0;0;0;0;0;0;0;0
162;60;2160000000;3187000;NA;NA;NA;NA;0;0;0;NA
162;68;2570000000;3932410;NA;NA;NA;NA;0;0;0;NA
163;80;314000000;64400;0;0;0;0;0;0;0;0
163;84;303000000;66900;0;0;0;0;0;0;0;0
163;60;107000000;41700;NA;NA;NA;NA;0;0;0;NA
163;64;129000000;46320;NA;NA;NA;NA;0;0;0;NA
163;68;140000000;51130;NA;NA;NA;NA;0;0;0;NA
163;72;188000000;56070;NA;NA;NA;NA;0;0;0;NA
163;76;249000000;60700;NA;NA;NA;NA;0;0;0;NA
163;88;367000000;68850;NA;NA;NA;NA;0;0;0;NA
164;80;1030000000;3236000;0;0;0;0;0;0;0;0
164;84;1070000000;3510820;0;0;0;0;0;0;0;0
164;60;544000000;2241000;NA;NA;NA;NA;0;0;0;NA
164;64;629000000;2388620;NA;NA;NA;NA;0;0;0;NA
164;68;699000000;2559900;NA;NA;NA;NA;0;0;0;NA
164;72;860000000;2761120;NA;NA;NA;NA;0;0;0;NA
165;84;38400000000;2444000;0;0;0;0;0;0;0;0
165;64;5910000000;1658060;NA;NA;NA;NA;0;0;0;NA
165;80;28000000000;2282000;NA;NA;NA;NA;0;0;0;NA
168;84;177000000;260740;0;0;0;0;0;0;0;0
168;68;85000000;150870;NA;NA;NA;NA;0;0;0;NA
168;72;63600000;171720;NA;NA;NA;NA;0;0;0;NA
168;76;90000000;196720;NA;NA;NA;NA;0;0;0;NA
168;80;132000000;227000;NA;NA;NA;NA;0;0;0;NA
169;84;1260000000;6469720;0;0;0;0;0;0;0;0
169;60;3020000000;2820000;NA;NA;NA;NA;0;0;0;NA
169;64;2610000000;3078860;NA;NA;NA;NA;0;0;0;NA
169;68;2260000000;3442420;NA;NA;NA;NA;0;0;0;NA
169;80;1450000000;5853000;NA;NA;NA;NA;0;0;0;NA
170;64;55400000000;19400000;NA;NA;NA;NA;0;0;0;NA
170;68;70700000000;21200000;NA;NA;NA;NA;0;0;0;NA
170;72;83700000000;23100000;NA;NA;NA;NA;0;0;0;NA
170;76;98400000000;25300000;NA;NA;NA;NA;0;0;0;NA
170;80;111000000000;27600000;NA;NA;NA;NA;0;0;0;NA
170;84;121000000000;30500000;NA;NA;NA;NA;0;0;0;NA
170;88;126000000000;33700000;NA;NA;NA;NA;0;0;0;NA
171;84;413000000000;38300000;1;2;2;5;0;0;0;0
171;80;393000000000;37400000;1;3;2;6;0;0;0;0
172;80;6660000000;14700000;0;0;0;0;0;0;0;0
172;84;8070000000;15600000;0;0;0;0;0;0;0;0
173;92;200000000;41590;NA;NA;NA;NA;0;0;0;NA
173;88;170000000;42310;NA;NA;NA;NA;0;0;0;NA
173;76;90100000;43300;NA;NA;NA;NA;0;0;0;NA
173;84;127000000;43670;NA;NA;NA;NA;0;0;0;NA
173;72;83200000;44400;NA;NA;NA;NA;0;0;0;NA
173;80;114000000;44400;NA;NA;NA;NA;0;0;0;NA
173;68;74400000;46380;NA;NA;NA;NA;0;0;0;NA
173;64;73700000;49150;NA;NA;NA;NA;0;0;0;NA
173;60;71500000;51000;NA;NA;NA;NA;0;0;0;NA
174;88;350000000;145500;NA;NA;NA;NA;0;0;0;NA
174;92;435000000;151190;NA;NA;NA;NA;0;0;0;NA
175;80;129000000;97800;NA;NA;NA;NA;0;0;0;NA
175;84;158000000;101380;NA;NA;NA;NA;0;0;0;NA
176;84;4770000000;20900000;0;0;0;0;0;0;0;0
176;64;2760000000;12100000;NA;NA;NA;NA;0;0;0;NA
176;80;4460000000;18700000;NA;NA;NA;NA;0;0;0;NA
177;84;311000000;386900;0;0;0;0;0;0;0;0
177;64;279000000;323000;NA;NA;NA;NA;0;0;0;NA
177;80;330000000;355000;NA;NA;NA;NA;0;0;0;NA
177;68;285000000;356000;NA;NA;NA;NA;0;0;0;NA
178;84;658000000;639000;0;0;0;0;0;0;0;0
178;80;591000000;565000;NA;NA;NA;NA;0;0;0;NA
179;84;198000000000;8337000;2;11;6;19;0;0;0;0
179;80;185000000000;8310000;3;3;6;12;0;0;0;0
180;80;252000000000;6319000;2;0;0;2;0;0;0;0
180;84;261000000000;6442000;0;4;4;8;0;0;0;0
181;80;9330000000;8704000;0;0;0;0;0;0;0;0
181;84;10100000000;10000000;0;1;0;1;0;0;0;0
181;60;2170000000;4561000;NA;NA;NA;NA;0;0;0;NA
181;64;2990000000;5165660;NA;NA;NA;NA;0;0;0;NA
182;84;59800000000;19000000;0;0;1;1;0;0;0;0
182;76;18600000000;16500000;NA;NA;NA;NA;0;0;0;NA
182;80;41400000000;17800000;NA;NA;NA;NA;0;0;0;NA
183;92;2740000000;5571000;NA;NA;NA;NA;0;0;0;NA
184;80;2690000000;18600000;0;2;0;2;0;0;0;0
184;84;2940000000;21100000;0;0;0;0;0;0;0;0
184;60;977000000;10200000;NA;NA;NA;NA;0;0;0;NA
185;84;65300000000;50400000;0;1;0;1;0;0;0;0
185;80;52400000000;46700000;NA;NA;NA;NA;0;0;0;NA
186;84;1100000000;2937320;0;0;0;0;0;0;0;0
186;60;352000000;1514000;NA;NA;NA;NA;0;0;0;NA
186;64;492000000;1604000;NA;NA;NA;NA;0;0;0;NA
186;68;688000000;1853000;NA;NA;NA;NA;0;0;0;NA
186;80;1190000000;2615000;NA;NA;NA;NA;0;0;0;NA
187;84;128000000;95250;0;0;0;0;0;0;0;0
188;80;4980000000;1082000;0;0;0;0;0;0;0;0
188;84;5790000000;1160910;0;0;0;0;0;0;0;0
188;60;1590000000;843000;NA;NA;NA;NA;0;0;0;NA
189;84;12200000000;7043930;0;0;0;0;0;0;0;0
189;80;10500000000;6384000;NA;NA;NA;NA;0;0;0;NA
190;84;105000000000;49100000;0;0;3;3;0;0;0;0
190;80;86800000000;44500000;NA;NA;NA;NA;0;0;0;NA
191;92;6450000000;4032000;NA;NA;NA;NA;0;0;0;NA
192;80;2860000000;12800000;0;1;0;1;0;0;0;0
192;84;3310000000;13900000;0;0;0;0;0;0;0;0
193;92;148000000000;52200000;NA;NA;NA;NA;0;0;0;NA
194;84;28600000000;1340700;0;0;0;0;0;0;0;0
194;68;12300000000;163190;NA;NA;NA;NA;0;0;0;NA
194;72;13700000000;296280;NA;NA;NA;NA;0;0;0;NA
194;76;17100000000;601480;NA;NA;NA;NA;0;0;0;NA
194;80;31000000000;1043000;NA;NA;NA;NA;0;0;0;NA
195;84;851000000000;56500000;5;10;22;37;0;0;0;0
195;80;800000000000;56300000;5;7;9;21;0;0;0;0
196;84;5360000000000;236000000;83;61;30;174;1;0;0;0
196;80;4900000000000;227000000;NA;NA;NA;NA;0;0;0;NA
198;84;12400000000;2989000;0;0;0;0;0;0;0;0
198;80;15200000000;2914000;NA;NA;NA;NA;0;0;0;NA
199;92;24200000000;21500000;NA;NA;NA;NA;0;0;0;NA
200;80;164000000;115060;NA;NA;NA;NA;0;0;0;NA
200;84;214000000;126900;NA;NA;NA;NA;0;0;0;NA
201;80;60300000000;15100000;0;1;0;1;0;0;0;0
201;84;57400000000;16700000;0;0;3;3;0;0;0;0
202;80;8560000000;53700000;0;0;0;0;0;0;0;0
202;84;10400000000;57700000;NA;NA;NA;NA;0;0;0;NA
206;80;3190000000;5738000;0;0;0;0;0;0;0;0
206;84;3210000000;6503080;0;0;1;1;0;0;0;0
206;60;1930000000;3141000;NA;NA;NA;NA;0;0;0;NA
207;80;4490000000;7009000;1;0;0;1;0;0;0;0
207;84;5170000000;8038430;0;0;0;0;0;0;0;0
207;64;2030000000;4323090;NA;NA;NA;NA;0;0;0;NA
207;68;2390000000;4930050;NA;NA;NA;NA;0;0;0;NA
207;72;3890000000;5578000;NA;NA;NA;NA;0;0;0;NA
207;76;4190000000;6228580;NA;NA;NA;NA;0;0;0;NA
210;80;68700000000;15200000;2;3;9;14;0;0;1;0
210;84;72100000000;15500000;NA;NA;NA;NA;0;0;1;NA
211;80;103000000000;22300000;2;3;4;9;0;1;0;0
211;84;108000000000;23000000;7;4;7;18;0;1;0;0
1;60;15500000000;10000000;0;0;0;0;0;0;0;0
1;64;17100000000;10900000;0;0;0;0;0;0;0;0
1;68;18800000000;11900000;0;0;0;0;0;0;0;0
1;72;21000000000;13100000;0;0;0;0;0;0;0;0
1;76;23600000000;14400000;0;0;0;0;0;0;0;0
1;88;25100000000;19500000;0;0;0;0;0;0;0;0
1;92;20900000000;21500000;0;0;0;0;0;0;0;0
1;96;33100000000;24200000;0;0;0;0;0;0;0;0
2;72;2000000000;2241000;0;0;0;0;0;1;0;0
2;76;2210000000;2456000;0;0;0;0;0;1;0;0
2;92;1860000000;3190000;0;0;0;0;0;1;0;0
2;96;2650000000;3286000;0;0;0;0;0;0;0;0
3;92;41100000000;26300000;1;0;1;2;0;0;0;0,0024539877
3;96;42800000000;28700000;2;0;1;3;0;0;0;0,0035629454
3;64;12200000000;11600000;0;0;0;0;0;0;0;0
3;68;15000000000;13000000;0;0;0;0;0;0;0;0
3;72;20000000000;14600000;0;0;0;0;0;0;0;0
3;76;25300000000;16500000;0;0;0;0;0;0;0;0
3;88;39600000000;23800000;0;0;0;0;0;0;0;0
6;88;6150000000;8684310;0;0;0;0;0;0;0;0
6;92;5880000000;9942570;0;0;0;0;0;0;0;0
6;96;5640000000;11300000;0;0;0;0;0;0;0;0
7;76;164000000;62350;0;0;0;0;0;0;0;0
7;88;353000000;63200;0;0;0;0;0;0;0;0
7;92;422000000;64470;0;0;0;0;0;0;0;0
7;96;456000000;65730;0;0;0;0;0;0;0;0
8;60;121000000000;20600000;0;1;1;2;0;0;0;0
8;64;132000000000;22000000;0;1;0;1;0;0;0;0
8;68;158000000000;23200000;0;0;2;2;0;0;0;0
8;72;192000000000;24800000;0;1;0;1;0;0;0;0
8;76;206000000000;26500000;0;0;0;0;0;0;0;0
8;88;231000000000;31700000;0;1;1;2;0;0;0;0,0027100271
8;92;256000000000;33400000;0;0;1;1;0;0;0;0,0012269939
8;96;294000000000;35200000;0;2;1;3;0;0;0;0,0035629454
9;96;3050000000;3774000;1;1;0;2;0;0;0;0,0023752969
10;92;1100000000;69000;0;0;0;0;0;0;0;0
10;96;1830000000;85810;0;0;0;0;0;0;0;0
11;88;300000000000;16500000;3;6;5;14;0;0;0;0,0189701897
11;92;319000000000;17500000;7;9;11;27;0;0;0;0,0331288344
11;68;151000000000;12000000;5;7;5;17;0;0;0;0
11;96;376000000000;18300000;9;9;23;41;0;0;0;0,0486935867
11;64;123000000000;11200000;6;2;10;18;0;0;0;0
11;72;181000000000;13200000;8;7;2;17;0;0;0;0
11;60;99200000000;10300000;8;8;6;22;0;0;0;0
11;76;204000000000;14000000;0;1;4;5;0;0;0;0
12;88;193000000000;7595000;1;0;0;1;0;0;0;0,0013550136
12;60;73900000000;7048000;1;1;0;2;0;0;0;0
12;64;88000000000;7215000;0;0;0;0;0;0;0;0
12;68;103000000000;7362000;0;2;2;4;0;0;0;0
12;72;131000000000;7510000;0;1;2;3;0;0;0;0
12;76;149000000000;7552000;0;0;1;1;0;0;0;0
12;92;220000000000;7911400;0;2;0;2;0;0;0;0,0024539877
12;96;235000000000;8059000;0;1;2;3;0;0;0;0,0035629454
13;96;3540000000;7555000;0;1;0;1;0;0;0;0,0011876485
14;64;1380000000;133000;1;0;0;1;0;0;0;0
14;60;923000000;113000;0;0;0;0;0;0;0;0
14;68;1970000000;157000;0;0;0;0;0;0;0;0
14;72;1990000000;178000;0;0;0;0;0;0;0;0
14;76;1600000000;193000;0;0;0;0;0;0;0;0
14;88;3440000000;245000;0;0;0;0;0;0;0;0
14;92;3400000000;262490;0;0;1;1;0;0;0;0,0012269939
14;96;3450000000;284000;0;1;0;1;0;0;0;0,0011876485
15;88;4200000000;473000;0;0;0;0;0;0;0;0
15;92;4850000000;519000;0;0;0;0;0;0;0;0
15;96;5660000000;599000;0;0;0;0;0;0;0;0
16;88;27700000000;106000000;0;0;0;0;0;0;0;0
16;92;32800000000;114000000;0;0;0;0;0;0;0;0
16;96;39500000000;122000000;0;0;0;0;0;0;0;0
17;68;1020000000;237600;0;0;0;0;0;0;0;0
17;72;1260000000;241900;0;0;0;0;0;0;0;0
17;76;1270000000;246400;0;0;0;0;0;0;0;0
17;88;1780000000;255000;0;0;0;0;0;0;0;0
17;92;1640000000;262000;0;0;0;0;0;0;0;0
17;96;1750000000;264400;0;0;0;0;0;0;0;0
18;96;19000000000;10300000;1;6;8;15;0;0;0;0,0178147268
19;96;277000000000;10200000;2;2;2;6;0;0;0;0,0071258907
19;64;120000000000;9367000;2;0;1;3;0;0;0;0
19;60;97000000000;9119000;0;2;2;4;0;0;0;0
19;68;137000000000;9590000;0;0;0;0;0;0;0;0
19;72;169000000000;9709000;0;2;0;2;0;0;0;0
19;76;194000000000;9811000;0;3;3;6;0;0;0;0
19;88;241000000000;9902000;0;0;2;2;0;0;0;0,0027100271
19;92;265000000000;10000000;0;1;2;3;0;0;0;0,0036809816
20;68;134000000;115790;0;0;0;0;0;0;0;0
20;72;169000000;123210;0;0;0;0;0;0;0;0
20;76;209000000;131410;0;0;0;0;0;0;0;0
20;88;385000000;179680;0;0;0;0;0;0;0;0
20;92;545000000;199530;0;0;0;0;0;0;0;0
20;96;601000000;222400;0;0;0;0;0;0;0;0
21;76;1000000000;3106780;0;0;0;0;0;0;0;0
21;88;1580000000;4449200;0;0;0;0;0;0;0;0
21;96;2120000000;5631920;0;0;0;0;0;0;0;0
22;60;1710000000;44400;0;0;0;0;0;0;0;0
22;64;1740000000;48900;0;0;0;0;0;0;0;0
22;68;1770000000;53000;0;0;0;0;0;0;0;0
22;76;1840000000;53200;0;0;1;1;0;0;0;0
22;72;1810000000;54200;0;0;0;0;0;0;0;0
22;88;2020000000;58700;0;0;0;0;0;0;0;0
22;92;1900000000;61000;0;0;0;0;0;0;0;0
22;96;2030000000;62100;0;0;0;0;0;0;0;0
23;88;223000000;574980;0;0;0;0;0;0;0;0
23;92;263000000;636450;0;0;0;0;0;0;0;0
23;96;328000000;715870;0;0;0;0;0;0;0;0
24;64;2400000000;3663760;0;0;0;0;0;0;0;0
24;68;3110000000;4016620;0;0;0;0;0;0;0;0
24;72;3890000000;4421460;0;0;0;0;0;0;0;0
24;76;4930000000;4877210;0;0;0;0;0;0;0;0
24;88;5060000000;6279850;0;0;0;0;0;0;0;0
24;92;5880000000;6897000;0;0;0;0;0;0;0;0
24;96;6990000000;7588000;0;0;0;0;0;0;0;0
25;96;7160000000;2253600;0;0;0;0;0;0;0;0
25;92;12000000000;3837707;0;0;0;0;0;0;0;0
26;88;3100000000;1197070;0;0;0;0;0;0;0;0
26;92;4280000000;1352660;0;0;0;0;0;0;0;0
26;96;4900000000;1496000;0;0;0;0;0;0;0;0
27;88;610000000000;143000000;1;2;3;6;0;0;0;0,0081300813
27;92;608000000000;153000000;2;1;0;3;0;0;0;0,0036809816
27;96;724000000000;162000000;3;3;9;15;0;0;0;0,0178147268
27;60;118000000000;72800000;0;0;2;2;0;0;0;0
27;64;143000000000;82000000;0;0;1;1;0;0;0;0
27;68;192000000000;91300000;0;1;2;3;0;0;0;0
27;72;287000000000;101000000;0;0;2;2;0;0;0;0
27;76;411000000000;111000000;0;0;2;2;0;0;0;0
28;96;226000000;19123;0;0;0;0;0;0;0;0
29;88;4800000000;242210;0;0;0;0;0;0;0;0
29;92;5000000000;272060;0;0;0;0;0;0;0;0
29;96;5120000000;301030;0;0;0;0;0;0;0;0
30;60;2800000000;7867000;1;3;3;7;0;0;1;0
30;96;11800000000;8356000;3;7;5;15;0;0;0;0,0178147268
30;68;5190000000;8370000;2;4;3;9;0;0;1;0
30;92;12700000000;8540000;3;7;6;16;0;0;0;0,0196319018
30;64;3810000000;8144000;3;5;2;10;0;0;1;0
30;76;9310000000;8759000;6;9;7;22;0;0;1;0
30;72;6910000000;8576000;6;10;5;21;0;0;1;0
30;88;17000000000;8981000;10;12;13;35;0;0;1;0,0474254743
31;76;1310000000;6339070;0;0;0;0;0;0;0;0
31;88;2010000000;8472130;0;0;0;0;0;0;0;0
31;92;2250000000;9306450;0;0;0;0;0;0;0;0
31;96;2490000000;10200000;0;0;0;0;0;0;0;0
32;96;914000000;6292590;1;0;0;1;0;0;0;0,0011876485
33;96;3140000000;10200000;0;0;0;0;0;0;0;0
34;64;3070000000;5754260;0;0;0;0;0;0;0;0
34;68;3110000000;6301420;0;0;0;0;0;0;0;0
34;72;3570000000;6954190;0;0;0;0;0;0;0;0
34;76;4380000000;7735550;0;0;0;0;0;0;0;0
34;88;9510000000;10800000;0;0;0;0;0;0;0;0
34;92;8170000000;12100000;0;0;0;0;0;0;0;0
34;96;8360000000;13600000;0;0;0;0;0;0;0;0
35;68;246000000000;20700000;1;3;1;5;0;0;0;0
35;64;259000000000;19300000;1;2;1;4;0;0;0;0
35;96;580000000000;30000000;3;11;8;22;0;0;0;0,026128266
35;88;519000000000;26900000;3;2;5;10;0;0;0;0,0135501355
35;92;527000000000;28500000;6;5;7;18;0;0;0;0,0220858896
35;60;210000000000;17900000;0;1;0;1;0;0;0;0
35;72;296000000000;22000000;0;2;3;5;0;0;0;0
35;76;356000000000;23500000;0;5;6;11;1;0;0;0
36;96;438000000;390730;0;0;0;0;0;0;0;0
37;76;200000000;14960,4101563;0;0;0;0;0;0;0;0
37;88;476000000;23802,890625;0;0;0;0;0;0;0;0
37;96;707000000;32440,4609375;0;0;0;0;0;0;0;0
38;68;797000000;1776380;0;0;0;0;0;0;0;0
38;76;1010000000;2104420;0;0;0;0;0;0;0;0
38;88;1100000000;2802650;0;0;0;0;0;0;0;0
38;92;1020000000;3082120;0;0;0;0;0;0;0;0
38;96;1120000000;3354090;0;0;0;0;0;0;0;0
39;64;911000000;3276350;0;0;0;0;0;0;0;0
39;68;902000000;3514270;0;0;0;0;0;0;0;0
39;72;971000000;3798050;0;0;0;0;0;0;0;0
39;76;1050000000;4105280;0;0;0;0;0;0;0;0
39;88;1110000000;5495800;0;0;0;0;0;0;0;0
39;92;1400000000;6057950;0;0;0;0;0;0;0;0
39;96;1490000000;6937350;0;0;0;0;0;0;0;0
40;60;13600000000;7608000;0;0;0;0;0;0;0;0
40;64;16200000000;8379350;0;0;0;0;0;0;0;0
40;68;19300000000;9136080;0;0;0;0;0;0;0;0
40;72;22000000000;9840990;0;0;0;0;0;0;0;0
40;76;19700000000;10500000;0;0;0;0;0;0;0;0
40;88;34100000000;12700000;0;1;0;1;0;0;0;0,0013550136
40;92;47400000000;13500000;0;0;0;0;0;0;0;0
40;96;63700000000;14400000;0;0;0;0;0;0;0;0
41;88;368000000000;1100000000;5;11;12;28;0;1;0;0,0379403794
41;96;767000000000;1220000000;16;22;12;50;0;1;0;0,0593824228
41;92;496000000000;1160000000;16;22;16;54;0;1;0;0,0662576687
42;60;16100000000;16900000;0;0;0;0;0;0;0;0
42;64;19600000000;19000000;0;0;0;0;0;0;0;0
42;68;23600000000;21400000;0;0;0;0;0;0;0;0
42;72;30700000000;23700000;0;1;2;3;0;0;0;0
42;76;37100000000;26000000;0;0;0;0;0;0;0;0
42;88;59600000000;33600000;0;0;1;1;0;0;0;0,0013550136
42;92;68200000000;36400000;0;0;1;1;0;0;0;0,0012269939
42;96;82200000000;39300000;0;0;0;0;0;0;0;0
43;96;214000000;504680;0;0;0;0;0;0;0;0
44;72;8610000000;21400000;0;0;0;0;0;0;0;0
44;76;8640000000;23900000;0;0;0;0;0;0;0;0
44;88;10000000000;35000000;0;0;0;0;0;0;0;0
44;92;7570000000;39900000;0;0;0;0;0;0;0;0
44;96;6280000000;45300000;0;0;0;0;0;0;0;0
45;64;527000000;1084210;0;0;0;0;0;0;0;0
45;68;608000000;1198480;0;0;0;0;0;0;0;0
45;72;814000000;1332360;0;0;0;0;0;0;0;0
45;76;1030000000;1488890;0;0;0;0;0;0;0;0
45;88;2000000000;2095170;0;0;0;0;0;0;0;0
45;92;2170000000;2351440;0;0;0;0;0;0;0;0
45;96;2250000000;2633720;0;0;0;0;0;0;0;0
46;88;59700000;20000;0;0;0;0;0;0;0;0
46;92;65600000;20000;0;0;0;0;0;0;0;0
46;96;75500000;20000;0;0;0;0;0;0;0;0
47;96;8970000000;3420000;1;0;0;1;0;0;0;0,0011876485
47;64;2130000000;1431720;0;0;0;0;0;0;0;0
47;68;2890000000;1633660;0;0;0;0;0;0;0;0
47;72;3790000000;1822650;0;0;0;0;0;0;0;0
47;76;4640000000;2024500;0;0;0;0;0;0;0;0
47;88;6580000000;2885610;0;1;0;1;0;0;0;0,0013550136
47;92;7940000000;3160000;0;0;0;0;0;0;0;0
48;64;3300000000;4359270;0;0;0;0;0;0;0;0
48;68;4190000000;5089380;0;0;0;0;0;0;0;0
48;72;5790000000;5983580;0;0;0;0;0;0;0;0
48;76;7820000000;7022270;0;0;0;0;0;0;0;0
48;88;8940000000;10900000;0;0;0;0;0;0;0;0
48;92;9090000000;12400000;0;0;0;0;0;0;0;0
48;96;10600000000;13900000;0;0;0;0;0;0;0;0
49;96;18900000000;4770900;1;1;0;2;0;0;0;0,0023752969
49;92;17000000000;4782300;0;1;2;3;0;0;0;0,0036809816
50;72;12900000000;8862000;3;1;4;8;0;0;1;0
50;76;15400000000;9423000;6;4;3;13;0;0;1;0
50;96;17700000000;11000000;9;8;8;25;0;0;1;0,0296912114
50;92;19700000000;10800000;14;6;11;31;0;0;1;0,0380368098
50;60;10500000000;6985000;0;0;0;0;0;0;1;0
50;64;13200000000;7612000;0;1;0;1;0;0;1;0
50;68;13500000000;8284000;0;4;0;4;0;0;1;0
51;88;5730000000;665000;0;0;0;0;0;0;0;0
51;92;7390000000;707000;0;0;0;0;0;0;0;0
51;96;8760000000;740000;0;0;0;0;0;0;0;0
52;96;52800000000;10300000;4;3;4;11;0;0;0;0,013064133
53;92;167000000000;5170000;1;1;4;6;0;0;0;0,0073619632
53;76;126000000000;5073000;1;0;2;3;0;0;0;0
53;72;116000000000;4992000;1;0;0;1;0;0;0;0
53;68;99000000000;4867000;1;4;3;8;0;0;0;0
53;88;160000000000;5130000;2;1;1;4;0;0;0;0,0054200542
53;64;85700000000;4720000;2;1;3;6;0;0;0;0
53;60;69300000000;4581000;2;3;1;6;0;0;0;0
53;96;187000000000;5262000;4;1;1;6;0;0;0;0,0071258907
54;88;527000000;467200;0;0;1;1;0;0;0;0,0013550136
54;92;548000000;549090;0;0;0;0;0;0;0;0
54;96;466000000;618680;0;0;0;0;0;0;0;0
55;96;229000000;73640;0;0;0;0;0;0;0;0
56;64;2860000000;3686440;0;0;0;0;0;0;0;0
56;68;2940000000;4174100;0;0;0;0;0;0;0;0
56;72;4730000000;4671780;0;0;0;0;0;0;0;0
56;76;6350000000;5175590;0;0;0;0;0;0;0;0
56;88;9840000000;6812400;0;0;0;0;0;0;0;0
56;92;10600000000;7402330;0;0;0;0;0;0;0;0
56;96;12800000000;7963580;0;0;0;0;0;0;0;0
57;96;18300000000;11700000;1;0;0;1;0;0;0;0,0011876485
57;68;4820000000;5626080;0;0;0;0;0;0;0;0
57;72;6450000000;6330270;0;0;0;0;0;0;0;0
57;76;9820000000;7108960;0;0;0;0;0;0;0;0
57;88;14700000000;9799410;0;0;0;0;0;0;0;0
57;92;16500000000;10700000;0;0;0;0;0;0;0;0
58;72;16400000000;34300000;0;0;0;0;0;0;0;0
58;76;21100000000;37100000;0;0;0;0;0;0;0;0
58;88;45100000000;50100000;0;0;0;0;0;0;0;0
58;92;52800000000;54800000;0;0;0;0;0;0;0;0
58;96;62100000000;59300000;0;0;0;0;0;0;0;0
59;68;5490000000;3360110;0;0;0;0;0;0;0;0
59;72;6450000000;3815380;0;0;0;0;0;0;0;0
59;76;7700000000;4223000;0;0;0;0;0;0;0;0
59;88;6650000000;4942270;0;0;0;0;0;0;0;0
59;92;7840000000;5309900;0;0;0;0;0;0;0;0
59;96;9670000000;5798000;0;0;0;0;0;0;0;0
60;88;115000000;343560;0;0;0;0;0;0;0;0
60;92;128000000;369340;0;0;0;0;0;0;0;0
60;96;212000000;409470;0;0;0;0;0;0;0;0
62;92;5110000000;1544000;1;0;1;2;0;0;0;0,0024539877
62;96;4980000000;1466000;0;0;0;0;0;0;0;0
63;92;4780000000;54800000;1;0;2;3;0;0;0;0,0036809816
63;68;2890000000;27500000;1;1;0;2;0;0;0;0
63;64;2440000000;24800000;1;0;0;1;0;0;0;0
63;60;2170000000;22800000;1;0;0;1;0;0;0;0
63;96;6390000000;58200000;2;0;1;3;0;0;0;0,0035629454
63;72;3480000000;30500000;0;0;2;2;0;0;0;0
63;76;3710000000;33800000;0;0;0;0;0;0;0;0
64;60;614000000;394000;0;0;0;0;0;0;0;0
64;68;786000000;497000;0;0;0;0;0;0;0;0
64;72;1040000000;542380;0;0;0;0;0;0;0;0
64;76;1230000000;587000;0;0;0;0;0;0;0;0
64;88;1490000000;719000;0;0;0;0;0;0;0;0
64;92;1810000000;758000;0;0;0;0;0;0;0;0
64;96;2020000000;803000;0;0;0;0;0;0;0;0
65;96;130000000000;5125000;1;2;1;4;0;0;0;0,0047505938
65;92;116000000000;5042000;1;2;2;5;0;0;0;0,0061349693
65;88;122000000000;4951000;1;1;2;4;0;0;0;0,0054200542
65;68;57600000000;4627000;1;2;1;4;0;0;0;0
65;60;42500000000;4430000;1;1;3;5;0;0;0;0
65;72;74600000000;4640000;3;1;4;8;0;0;0;0
65;64;51200000000;4549000;3;0;2;5;0;0;0;0
65;76;82600000000;4726000;4;2;0;6;0;0;0;0
66;88;1080000000;2341304;0;0;0;0;0;0;0;0
67;88;5490000000;8526398;0;0;0;0;0;0;0;0
68;64;611000000000;48300000;1;8;6;15;0;0;0;0
68;76;1030000000000;52900000;2;3;4;9;0;0;0;0
68;72;910000000000;51700000;2;4;7;13;0;0;0;0
68;88;1360000000000;55900000;6;4;6;16;0;0;0;0,0216802168
68;92;1480000000000;57400000;8;5;16;29;0;0;0;0,0355828221
68;68;735000000000;49900000;7;3;5;15;0;0;0;0
68;96;1560000000000;58400000;15;7;15;37;0;0;0;0,0439429929
68;60;484000000000;45700000;0;2;3;5;0;0;0;0
69;72;2100000000;535950;0;0;0;0;0;0;0;0
69;76;5210000000;612430;0;0;0;0;0;0;0;0
69;88;3730000000;900500;0;0;0;0;0;0;0;0
69;92;4380000000;1019000;0;0;0;0;0;0;0;0
69;96;5150000000;1125000;0;0;0;0;0;0;0;0
70;88;314000000;839850;0;0;0;0;0;0;0;0
70;96;390000000;1145880;0;0;0;0;0;0;0;0
71;96;3350000000;5420000;0;0;2;2;0;0;0;0,0023752969
72;68;80100000000;18100000;9;9;7;25;0;0;1;0
72;72;98400000000;17800000;20;23;23;66;0;0;1;0
72;88;198000000000;16400000;37;35;30;102;0;0;1;0,1382113821
72;76;122000000000;17400000;40;25;25;90;0;0;1;0
73;68;973000000000;59800000;5;11;10;26;0;0;0;0
73;88;1640000000000;61200000;11;14;15;40;0;0;0;0,054200542
73;76;1240000000000;60300000;10;12;17;39;0;0;0;0
73;64;800000000000;59500000;10;25;19;54;0;0;0;0
73;72;1170000000000;60000000;13;11;16;40;1;0;0;0
74;96;2450000000000;81900000;20;18;27;65;0;0;0;0,0771971496
74;92;2340000000000;80600000;33;21;28;82;0;0;0;0,1006134969
75;60;3050000000;6774000;0;1;0;1;0;0;0;0
75;64;3500000000;7687800;0;0;1;1;0;0;0;0
75;68;3510000000;8253870;0;0;0;0;0;0;0;0
75;72;4190000000;9133300;0;0;1;1;0;0;0;0
75;76;3900000000;10000000;0;0;0;0;0;0;0;0
75;88;4820000000;14000000;0;0;0;0;0;0;0;0
75;92;5730000000;15800000;0;0;1;1;0;0;0;0,0012269939
75;96;6760000000;17500000;0;0;0;0;0;0;0;0
76;60;27400000000;8327000;1;0;0;1;0;0;0;0
76;92;110000000000;10300000;2;0;0;2;0;0;0;0,0024539877
76;96;118000000000;10500000;4;4;0;8;0;0;0;0,0095011876
76;64;36900000000;8510000;0;0;0;0;0;0;0;0
76;68;48100000000;8741000;0;0;1;1;0;0;0;0
76;72;66600000000;8889000;0;2;0;2;0;0;0;0
76;76;77700000000;9167000;0;0;0;0;0;0;0;0
76;88;102000000000;10000000;0;0;1;1;0;0;0;0,0013550136
77;76;133000000;91616,796875;0;0;0;0;0;0;0;0
77;88;237000000;92143;0;0;0;0;0;0;0;0
77;92;269000000;93700;0;0;0;0;0;0;0;0
77;96;288000000;95000;0;0;0;0;0;0;0;0
78;92;2170000000;142200;0;0;0;0;0;0;0;0
78;96;3000000000;144900;0;0;0;0;0;0;0;0
79;68;5680000000;4959660;0;0;0;0;0;0;0;0
79;72;7120000000;5548800;0;0;0;0;0;0;0;0
79;76;8860000000;6175260;0;0;0;0;0;0;0;0
79;88;11100000000;8339570;0;0;0;0;0;0;0;0
79;92;12900000000;9212300;0;0;0;0;0;0;0;0
79;96;15100000000;10200000;0;0;0;0;0;0;0;0
80;88;2730000000;5425370;0;0;0;0;0;0;0;0
80;92;3110000000;6094510;0;0;0;0;0;0;0;0
80;96;3840000000;6755940;0;0;0;0;0;0;0;0
81;96;266000000;1111920;0;0;0;0;0;0;0;0
82;60;380000000;569000;0;0;0;0;0;0;0;0
82;64;393000000;630350;0;0;0;0;0;0;0;0
82;68;482000000;687340;0;0;0;0;0;0;0;0
82;72;535000000;722210;0;0;0;0;0;0;0;0
82;76;643000000;738250;0;0;0;0;0;0;0;0
82;92;497000000;806740;0;0;0;0;0;0;0;0
82;96;652000000;838530;0;0;0;0;0;0;0;0
83;60;2030000000;3804000;0;0;0;0;0;0;0;0
83;72;2340000000;4677300;0;0;0;0;0;0;0;0
83;76;2670000000;5003000;0;0;0;0;0;0;0;0
83;88;3090000000;6215940;0;0;0;0;0;0;0;0
83;92;2820000000;6722040;0;0;0;0;0;0;0;0
83;96;2710000000;7336000;0;0;0;0;0;0;0;0
84;68;1500000000;2449180;0;0;0;0;0;0;0;0
84;76;2060000000;3117920;0;0;0;0;0;0;0;0
84;88;3210000000;4592180;0;0;0;0;0;0;0;0
84;92;3660000000;5175390;0;0;0;0;0;0;0;0
84;96;4090000000;5817900;0;0;0;0;0;0;0;0
85;96;146000000000;6311000;1;0;0;1;0;0;0;0,0011876485
85;60;9220000000;3064000;0;0;0;0;0;0;0;0
85;64;15100000000;3596640;0;0;0;0;0;0;0;0
85;68;19100000000;3887360;0;0;0;0;0;0;0;0
85;72;27900000000;4089040;0;0;0;0;0;0;0;0
85;76;37800000000;4443000;0;0;0;0;0;0;0;0
85;88;101000000000;5626600;0;0;0;0;0;0;0;0
85;92;120000000000;5801500;0;0;0;0;0;0;0;0
86;76;39100000000;10600000;4;5;13;22;0;0;1;0
86;96;45300000000;10200000;7;4;10;21;0;0;0;0,0249406176
86;72;32400000000;10400000;6;13;16;35;0;0;1;0
86;60;15100000000;9984000;6;8;7;21;0;0;1;0
86;92;43000000000;10300000;11;12;7;30;0;0;0;0,036809816
86;88;51800000000;10400000;11;6;6;23;0;0;1;0,0311653117
86;68;26400000000;10300000;10;10;12;32;0;0;1;0
86;64;21100000000;10100000;10;7;5;22;0;0;1;0
87;60;1780000000;176000;0;0;0;0;0;0;0;0
87;64;2330000000;190000;0;0;0;0;0;0;0;0
87;68;2530000000;201000;0;0;0;0;0;0;0;0
87;72;3350000000;209000;0;0;0;0;0;0;0;0
87;76;4030000000;220000;0;0;0;0;0;0;0;0
87;88;6660000000;249900;0;0;0;0;0;0;0;0
87;92;6600000000;261100;0;0;0;0;0;0;0;0
87;96;7350000000;270000;0;0;0;0;0;0;0;0
88;64;83800000000;476000000;1;0;0;1;0;0;0;0
88;60;69800000000;435000000;0;1;0;1;0;0;0;0
88;68;97600000000;523000000;0;0;1;1;0;0;0;0
88;72;111000000000;573000000;0;0;1;1;0;0;0;0
88;76;128000000000;628000000;0;0;0;0;0;0;0;0
88;88;230000000000;816000000;0;0;0;0;0;0;0;0
88;92;274000000000;882000000;0;0;0;0;0;0;0;0
88;96;359000000000;946000000;0;0;1;1;0;0;0;0,0011876485
89;96;218000000000;197000000;1;1;2;4;0;0;0;0,0047505938
89;92;162000000000;185000000;2;2;1;5;0;0;0;0,0061349693
89;60;23400000000;94000000;0;0;0;0;0;0;0;0
89;68;30100000000;112000000;0;0;0;0;0;0;0;0
89;72;40400000000;123000000;0;0;0;0;0;0;0;0
89;76;54100000000;136000000;0;0;0;0;0;0;0;0
89;88;117000000000;172000000;0;1;0;1;0;0;0;0,0013550136
90;96;92500000000;59900000;1;1;1;3;0;0;0;0,0035629454
90;68;38900000000;26800000;2;1;2;5;0;0;0;0
90;60;21600000000;21600000;0;1;3;4;0;0;0;0
90;64;26000000000;24000000;0;0;2;2;0;0;0;0
90;72;56400000000;30300000;0;2;1;3;0;0;0;0
90;76;78800000000;34300000;0;1;1;2;0;0;0;0
90;88;62300000000;51900000;0;1;0;1;0;0;0;0,0013550136
90;92;84900000000;56200000;0;1;2;3;0;0;0;0,0036809816
91;60;17200000000;6847000;0;0;1;1;0;0;0;0
91;64;23300000000;7731730;0;0;0;0;0;0;0;0
91;68;31200000000;8771650;0;0;0;0;0;0;0;0
91;76;61300000000;11400000;0;0;0;0;0;0;0;0
91;88;98100000000;16900000;0;0;0;0;0;0;0;0
91;92;31200000000;19200000;0;0;0;0;0;0;0;0
91;96;27200000000;21300000;0;0;0;0;0;0;0;0
92;92;52000000000;3549100;1;1;0;2;0;0;0;0,0024539877
92;96;70100000000;3632000;3;0;1;4;0;0;0;0,0047505938
92;60;14200000000;2832000;0;0;0;0;0;0;0;0
92;64;16700000000;2864000;0;0;1;1;0;0;0;0
92;68;19700000000;2913000;0;0;0;0;0;0;0;0
92;72;23600000000;3024000;0;0;0;0;0;0;0;0
92;76;27600000000;3228000;0;0;0;0;0;0;0;0
92;88;42300000000;3530700;0;0;0;0;0;0;0;0
93;60;10900000000;2114000;0;0;0;0;0;0;0;0
93;64;16000000000;2475000;0;0;0;0;0;0;0;0
93;68;20800000000;2803000;0;0;0;0;0;0;0;0
93;72;32100000000;3148000;0;0;0;0;0;0;0;0
93;76;37100000000;3533000;0;0;0;0;0;0;0;0
93;88;58500000000;4442000;0;0;0;0;0;0;0;0
93;92;71700000000;5123000;0;1;1;2;0;0;0;0,0024539877
93;96;90600000000;5692000;0;0;1;1;0;0;0;0,0011876485
94;76;707000000000;55700000;2;7;4;13;0;0;0;0
94;68;519000000000;53200000;3;4;9;16;0;0;0;0
94;92;1050000000000;56900000;6;5;8;19;0;0;0;0,0233128834
94;88;979000000000;56600000;6;4;4;14;0;0;0;0,0189701897
94;72;608000000000;54400000;5;3;10;18;0;0;0;0
94;96;1100000000000;57400000;13;10;12;35;0;0;0;0,041567696
94;64;415000000000;51700000;10;10;7;27;0;0;0;0
94;60;333000000000;50200000;13;10;13;36;1;0;0;0
95;96;4110000000;2538000;1;3;2;6;0;0;0;0,0071258907
95;76;3420000000;2037740;1;1;0;2;0;0;0;0
95;64;2430000000;1734760;0;0;0;0;0;0;0;0
95;68;2890000000;1823710;0;1;0;1;0;0;0;0
95;72;4040000000;1925160;0;0;1;1;0;0;0;0
95;88;3520000000;2356400;0;2;0;2;0;0;0;0,0027100271
95;92;4060000000;2448000;0;3;1;4;0;0;0;0,0049079755
96;96;5340000000000;126000000;3;6;5;14;0;0;0;0,0166270784
96;92;5010000000000;124000000;3;8;11;22;0;0;0;0,026993865
96;88;4340000000000;123000000;4;3;7;14;0;0;0;0,0189701897
96;60;773000000000;94100000;4;7;7;18;0;0;0;0
96;76;2710000000000;113000000;9;6;10;25;0;0;0;0
96;68;1680000000000;101000000;11;7;7;25;0;0;0;0
96;72;2370000000000;107000000;13;8;8;29;0;0;0;0
96;64;1140000000000;97800000;16;5;8;29;1;0;0;0
97;76;2260000000;1876270;0;0;0;0;0;0;0;0
97;88;5260000000;2948000;0;0;0;0;0;0;0;0
97;92;5430000000;3733000;0;0;0;0;0;0;0;0
97;96;6640000000;4314230;0;0;0;0;0;0;0;0
98;96;20000000000;15900000;3;4;4;11;0;0;0;0,013064133
99;96;9430000000;27900000;1;4;3;8;0;0;0;0,0095011876
99;92;8420000000;25000000;2;4;2;8;0;0;0;0,0098159509
99;72;3720000000;12300000;2;3;4;9;0;0;0;0
99;68;2530000000;10700000;3;4;2;9;0;0;0;0
99;88;7670000000;22000000;5;2;2;9;0;0;0;0,012195122
99;60;1680000000;8332000;0;0;0;0;0;0;0;0
99;64;1930000000;9442210;0;0;1;1;0;0;0;0
99;76;4220000000;14300000;0;0;0;0;0;0;0;0
101;76;106000000000;35800000;1;1;4;6;0;0;0;0
101;96;489000000000;45500000;7;15;5;27;0;0;0;0,0320665083
101;92;365000000000;43700000;12;5;12;29;0;0;0;0,0355828221
101;88;273000000000;42000000;12;10;11;33;1;0;0;0,0447154472
101;60;29400000000;25000000;0;0;0;0;0;0;0;0
101;64;37300000000;27800000;0;2;1;3;0;0;0;0
101;68;52400000000;30600000;0;1;1;2;0;0;0;0
101;72;73200000000;33300000;0;1;0;1;0;0;0;0
102;72;27800000000;844900;0;0;0;0;0;0;0;0
102;76;24000000000;1072940;0;0;0;0;0;0;0;0
102;92;18100000000;1422000;0;0;0;0;0;0;0;0
102;96;26800000000;1697000;0;0;0;0;0;0;0;0
102;88;19400000000;1958000;0;0;0;0;0;0;0;0
103;96;3560000000;4576000;0;0;0;0;0;0;0;0
104;88;1060000000;3851310;0;0;0;0;0;0;0;0
104;92;1440000000;4250350;0;0;0;0;0;0;0;0
104;96;1880000000;4725580;0;0;0;0;0;0;0;0
105;96;6460000000;2491000;0;1;0;1;0;0;0;0,0011876485
105;92;7350000000;2631600;0;2;1;3;0;0;0;0,0036809816
106;60;706000000;1968420;0;0;0;0;0;0;0;0
106;64;908000000;2215170;0;0;0;0;0;0;0;0
106;68;1170000000;2481620;0;0;0;0;0;0;0;0
106;72;1500000000;2751480;0;1;0;1;0;0;0;0
106;76;1920000000;2932310;0;0;0;0;0;0;0;0
106;88;3430000000;3489760;0;0;0;0;0;0;0;0
106;92;5110000000;3781050;0;0;0;0;0;0;0;0
106;96;6730000000;4077010;0;0;0;0;0;0;0;0
107;72;216000000;1109130;0;0;0;0;0;0;0;0
107;76;290000000;1216040;0;0;0;0;0;0;0;0
107;88;544000000;1641580;0;0;0;0;0;0;0;0
107;92;665000000;1803490;0;0;0;0;0;0;0;0
107;96;960000000;1968880;0;0;0;0;0;0;0;0
108;60;845000000;1039000;0;0;0;0;0;0;0;0
108;64;919000000;1161150;0;0;0;0;0;0;0;0
108;72;1090000000;1470130;0;0;0;0;0;0;0;0
108;76;1180000000;1656840;0;0;0;0;0;0;0;0
108;88;1520000000;2344550;0;0;0;0;0;0;0;0
108;92;1650000000;2538800;0;0;0;0;0;0;0;0
108;96;1790000000;2807390;0;0;0;0;0;0;0;0
109;64;4200000000;1561210;0;0;0;0;0;0;0;0
109;68;9440000000;1831080;0;0;0;0;0;0;0;0
109;72;11500000000;2154210;0;0;0;0;0;0;0;0
109;76;21500000000;2554300;0;0;0;0;0;0;0;0
109;88;29300000000;4175110;0;0;0;0;0;0;0;0
109;92;34300000000;4644250;0;0;0;0;0;0;0;0
109;96;35800000000;5080230;0;0;0;0;0;0;0;0
110;60;237000000;20000;0;0;0;0;0;0;0;0
110;64;311000000;20000;0;0;0;0;0;0;0;0
110;68;408000000;20000;0;0;0;0;0;0;0;0
110;72;535000000;20000;0;0;0;0;0;0;0;0
110;76;701000000;20000;0;0;0;0;0;0;0;0
110;88;1450000000;30000;0;0;0;0;0;0;0;0
110;92;1540000000;30000;0;0;0;0;0;0;0;0
110;96;1580000000;30000;0;0;0;0;0;0;0;0
111;92;8820000000;3742000;1;0;1;2;0;0;0;0,0024539877
111;96;7210000000;3709000;0;0;1;1;0;0;0;0,0011876485
112;60;4700000000;314900;0;0;0;0;0;0;0;0
112;64;5520000000;330000;0;0;0;0;0;0;0;0
112;68;5940000000;336500;0;0;0;0;0;0;0;0
112;72;7270000000;348200;0;0;0;0;0;0;0;0
112;76;7860000000;360900;0;0;0;0;0;0;0;0
112;88;11800000000;373300;0;0;0;0;0;0;0;0
112;92;14700000000;392500;0;0;0;0;0;0;0;0
112;96;17800000000;415550;0;0;0;0;0;0;0;0
114;96;2090000000;1980000;0;0;0;0;0;0;0;0
115;64;2210000000;5950600;0;0;0;0;0;0;0;0
115;68;2530000000;6547040;0;0;0;0;0;0;0;0
115;72;2830000000;7223320;0;0;0;0;0;0;0;0
115;76;2760000000;8018420;0;0;0;0;0;0;0;0
115;92;3050000000;12200000;0;0;0;0;0;0;0;0
115;96;3230000000;13700000;0;0;0;0;0;0;0;0
116;72;702000000;4789280;0;0;0;0;0;0;0;0
116;76;858000000;5417830;0;0;0;0;0;0;0;0
116;88;1200000000;7940150;0;0;0;0;0;0;0;0
116;92;1300000000;8986540;0;0;0;0;0;0;0;0
116;96;1620000000;10000000;0;0;0;0;0;0;0;0
117;60;8110000000;8140000;0;0;0;0;0;0;0;0
117;64;10500000000;9232890;0;0;0;0;0;0;0;0
117;68;13700000000;10300000;0;0;0;0;0;0;0;0
117;72;17600000000;11400000;0;0;0;0;0;0;0;0
117;76;23900000000;12500000;0;0;0;0;0;0;0;0
117;88;48100000000;17100000;0;0;0;0;0;0;0;0
117;92;67400000000;19100000;0;0;1;1;0;0;0;0,0012269939
117;96;94800000000;21100000;0;1;1;2;0;0;0;0,0023752969
118;88;154000000;201180;0;0;0;0;0;0;0;0
118;92;223000000;224780;0;0;0;0;0;0;0;0
118;96;289000000;249330;0;0;0;0;0;0;0;0
119;64;946000000;4694270;0;0;0;0;0;0;0;0
119;68;1110000000;5096630;0;0;0;0;0;0;0;0
119;72;1280000000;5564470;0;0;0;0;0;0;0;0
119;76;1570000000;6031920;0;0;0;0;0;0;0;0
119;88;1930000000;7995060;0;0;0;0;0;0;0;0
119;92;2320000000;8948330;0;0;0;0;0;0;0;0
119;96;2560000000;9993350;0;0;0;0;0;0;0;0
120;72;689000000;322280;0;0;0;0;0;0;0;0
120;68;530000000;324290;0;0;0;0;0;0;0;0
120;60;392000000;329000;0;0;0;0;0;0;0;0
120;76;1160000000;334000;0;0;0;0;0;0;0;0
120;88;2190000000;347400;0;0;0;0;0;0;0;0
120;92;2800000000;361300;0;0;0;0;0;0;0;0
120;96;3360000000;373000;0;0;0;0;0;0;0;0
122;76;712000000;1404510;0;0;0;0;0;0;0;0
122;88;861000000;1916460;0;0;0;0;0;0;0;0
122;96;1120000000;2394350;0;0;0;0;0;0;0;0
123;76;1690000000;906510;0;0;0;0;0;0;0;0
123;88;2790000000;1040840;0;0;0;0;0;0;0;0
123;92;3450000000;1081000;0;0;0;0;0;0;0;0
123;96;4180000000;1134000;0;0;0;0;0;0;0;0
124;76;169000000000;60800000;1;0;1;2;0;0;0;0
124;68;103000000000;47500000;3;3;3;9;1;0;0;0
124;60;62400000000;36900000;0;0;1;1;0;0;0;0
124;64;82900000000;41800000;0;0;1;1;0;0;0;0
124;72;132000000000;53900000;0;1;0;1;0;0;0;0
124;88;242000000000;80100000;0;0;2;2;0;0;0;0,0027100271
124;92;286000000000;86300000;0;1;0;1;0;0;0;0,0012269939
124;96;301000000000;92700000;0;0;1;1;0;0;0;0,0011876485
126;96;2850000000;4325000;0;1;1;2;0;0;0;0,0023752969
127;60;293000000;20000;0;0;0;0;0;0;0;0
127;64;330000000;20000;0;0;0;0;0;0;0;0
127;68;371000000;20000;0;1;3;4;0;0;0;0
127;72;417000000;30000;0;1;0;1;0;0;0;0
127;76;469000000;30000;0;1;0;1;0;0;0;0
127;88;688000000;30000;0;0;0;0;0;0;0;0
127;92;786000000;30000;0;0;0;0;0;0;0;0
127;96;961000000;30000;0;0;0;0;0;0;0;0
128;64;492000000;1065010;0;0;0;0;0;0;0;0
128;68;537000000;1187190;0;0;0;0;0;0;0;0
128;72;585000000;1328640;0;0;0;0;0;0;0;0
128;76;639000000;1488410;0;0;0;0;0;0;0;0
128;88;1090000000;2095660;0;0;1;1;0;0;0;0,0013550136
128;92;907000000;2307170;0;0;2;2;0;0;0;0,0024539877
128;96;981000000;2497750;0;0;1;1;0;0;0;0,0011876485
129;92;32300000000;25000000;1;1;1;3;0;0;0;0,0036809816
129;88;29600000000;23100000;1;0;2;3;0;0;0;0,0040650407
129;60;7310000000;11600000;0;1;0;1;0;0;0;0
129;64;8690000000;12900000;0;0;0;0;0;0;0;0
129;68;11100000000;14500000;0;0;0;0;0;0;0;0
129;72;13700000000;16100000;0;0;0;0;0;0;0;0
129;76;17500000000;17700000;0;0;0;0;0;0;0;0
129;96;37000000000;26800000;0;0;2;2;0;0;0;0,0023752969
130;88;1530000000;13900000;0;0;0;0;0;0;0;0
130;92;1590000000;14700000;0;0;0;0;0;0;0;0
130;96;2070000000;16200000;0;0;1;1;0;0;0;0,0011876485
131;60;12400000000;21700000;0;0;0;0;0;0;0;0
131;64;13700000000;23600000;0;0;0;0;0;0;0;0
131;68;14400000000;25900000;0;0;0;0;0;0;0;0
131;72;15600000000;28400000;0;0;0;0;0;0;0;0
131;76;18200000000;31100000;0;0;0;0;0;0;0;0
131;92;31400000000;41400000;0;0;0;0;0;0;0;0
131;96;35100000000;43400000;0;0;0;0;0;0;0;0
132;92;3090000000;1424880;0;2;0;2;0;0;0;0,0024539877
132;96;3430000000;1582930;0;2;0;2;0;0;0;0,0023752969
134;64;1560000000;10000000;0;0;0;0;0;0;0;0
134;72;1780000000;11900000;0;0;0;0;0;0;0;0
134;76;2000000000;13100000;0;0;0;0;0;0;0;0
134;88;3120000000;17800000;0;0;0;0;0;0;0;0
134;92;3780000000;19700000;0;0;0;0;0;0;0;0
134;96;4630000000;21800000;0;0;0;0;0;0;0;0
135;92;374000000000;15200000;2;6;7;15;0;0;0;0,018404908
135;88;329000000000;14800000;2;2;5;9;0;0;0;0,012195122
135;64;159000000000;12100000;2;4;4;10;0;0;0;0
135;96;411000000000;15500000;4;5;10;19;0;0;0;0,0225653207
135;72;233000000000;13300000;3;1;1;5;0;0;0;0
135;68;192000000000;12700000;3;3;1;7;0;0;0;0
135;60;132000000000;11500000;0;1;2;3;0;0;0;0
135;76;266000000000;13800000;0;2;3;5;0;0;0;0
136;60;676000000;135000;0;0;0;0;0;0;0;0
136;64;763000000;143600;0;0;0;0;0;0;0;0
136;68;861000000;154200;0;0;0;0;0;0;0;0
136;72;972000000;162280;0;0;0;0;0;0;0;0
136;76;1100000000;167460;0;0;0;0;0;0;0;0
136;88;1700000000;185980;0;1;0;1;0;0;0;0,0013550136
136;92;1820000000;196230;0;0;0;0;0;0;0;0
136;96;2010000000;207660;0;0;0;0;0;0;0;0
137;92;51900000000;3442500;1;4;5;10;0;0;0;0,0122699387
137;72;38600000000;2902000;1;1;1;3;0;0;0;0
137;68;32400000000;2748000;1;0;2;3;0;0;0;0
137;76;44400000000;3111000;2;1;1;4;0;0;0;0
137;96;61800000000;3714000;3;2;1;6;0;0;0;0,0071258907
137;88;51800000000;3317000;3;2;8;13;0;0;0;0,0176151762
137;60;24600000000;2372000;2;0;1;3;0;0;0;0
137;64;29600000000;2585000;3;0;2;5;0;0;0;0
138;68;1790000000;1990560;0;0;0;0;0;0;0;0
138;72;2030000000;2266220;0;0;0;0;0;0;0;0
138;76;2610000000;2578480;0;0;0;0;0;0;0;0
138;92;1740000000;4060460;0;0;0;0;0;0;0;0
138;96;2370000000;4550430;0;0;0;0;0;0;0;0
139;64;1550000000;3537550;0;0;0;0;0;0;0;0
139;68;1660000000;3978160;0;0;0;0;0;0;0;0
139;72;1620000000;4386620;0;0;1;1;0;0;0;0
139;76;1430000000;4915850;0;0;0;0;0;0;0;0
139;88;1820000000;7263940;0;0;0;0;0;0;0;0
139;92;1740000000;8260510;0;0;0;0;0;0;0;0
139;96;1940000000;9468300;0;0;0;0;0;0;0;0
140;96;29900000000;115000000;2;1;3;6;0;0;0;0,0071258907
140;60;9180000000;40800000;0;0;0;0;0;0;0;0
140;64;10900000000;45300000;0;0;1;1;0;0;0;0
140;68;9120000000;50400000;0;0;0;0;0;0;0;0
140;72;16700000000;56200000;0;0;1;1;0;0;0;0
140;76;20200000000;63000000;0;0;0;0;0;0;0;0
140;88;21600000000;90900000;0;0;0;0;0;0;0;0
140;92;27000000000;102000000;0;3;1;4;0;0;0;0,0049079755
141;76;29800000000;16600000;1;1;0;2;0;1;0;0
141;72;29500000000;15200000;1;1;3;5;0;1;0;0
141;96;23300000000;22600000;2;1;2;5;0;1;0;0,0059382423
141;92;24600000000;21100000;4;0;5;9;0;1;0;0,0110429448
142;76;81400000000;4026000;1;1;0;2;0;0;0;0
142;68;57000000000;3819000;1;1;0;2;0;0;0;0
142;60;40300000000;3581000;1;0;0;1;0;0;0;0
142;96;155000000000;4381000;2;2;3;7;0;0;0;0,0083135392
142;92;130000000000;4286400;2;4;1;7;0;0;0;0,0085889571
142;88;119000000000;4209000;2;3;0;5;0;0;0;0,0067750678
142;72;66800000000;3933000;2;1;1;4;0;0;0;0
142;64;48000000000;3694000;0;0;0;0;0;0;0;0
143;88;8170000000;1531030;0;0;0;0;0;0;0;0
143;92;10600000000;1892000;0;0;0;0;0;0;0;0
143;96;12500000000;2173000;0;0;0;0;0;0;0;0
144;68;14200000000;57100000;1;0;0;1;0;0;0;0
144;60;8280000000;45900000;1;0;1;2;0;0;0;0
144;64;10700000000;51200000;0;1;0;1;0;0;0;0
144;72;16800000000;64600000;0;1;0;1;0;0;0;0
144;76;20500000000;73300000;0;0;1;1;0;0;0;0
144;88;44100000000;103000000;0;0;1;1;0;0;0;0,0013550136
144;92;55000000000;114000000;0;0;1;1;0;0;0;0,0012269939
144;96;64100000000;125000000;0;0;0;0;0;0;0;0
145;60;1650000000;1126000;0;0;0;0;0;0;0;0
145;64;2240000000;1265330;0;0;0;0;0;0;0;0
145;68;3050000000;1422480;0;0;0;0;0;0;0;0
145;72;4040000000;1591330;0;0;0;0;0;0;0;0
145;76;4500000000;1768110;0;0;0;0;0;0;0;0
145;88;5510000000;2303530;0;0;0;0;0;0;0;0
145;92;7160000000;2492350;0;0;0;0;0;0;0;0
145;96;8110000000;2674000;0;0;0;0;0;0;0;0
146;76;2800000000;2797220;0;0;0;0;0;0;0;0
146;92;4230000000;4014850;0;0;0;0;0;0;0;0
146;96;5240000000;4400720;0;0;0;0;0;0;0;0
147;68;2280000000;2239830;0;0;0;0;0;0;0;0
147;76;3690000000;2739290;0;0;0;0;0;0;0;0
147;88;7020000000;3964350;0;0;0;0;0;0;0;0
147;92;7990000000;4470350;0;0;0;0;0;0;0;0
147;96;9100000000;4955000;0;0;0;0;0;0;0;0
148;60;22200000000;9931000;0;0;0;0;0;0;0;0
148;64;26100000000;11100000;0;0;0;0;0;0;0;0
148;68;30700000000;12500000;0;0;0;0;0;0;0;0
148;72;36100000000;14000000;0;0;0;0;0;0;0;0
148;76;43900000000;15600000;0;0;0;0;0;0;0;0
148;88;52000000000;20800000;0;1;0;1;0;0;0;0,0013550136
148;92;45700000000;22400000;0;1;0;1;0;0;0;0,0012269939
148;96;60500000000;23900000;0;0;0;0;0;0;0;0
149;60;19600000000;27600000;0;0;0;0;0;0;0;0
149;64;24000000000;31000000;0;1;0;1;0;0;0;0
149;68;29200000000;35300000;0;0;0;0;0;0;0;0
149;72;35300000000;39800000;0;0;0;0;0;0;0;0
149;76;45700000000;44200000;0;0;0;0;0;0;0;0
149;88;60900000000;59400000;0;0;1;1;0;0;0;0,0013550136
149;92;66500000000;65600000;0;0;1;1;0;0;0;0,0012269939
149;96;78500000000;71900000;0;1;0;1;0;0;0;0,0011876485
150;88;120000000000;37900000;2;5;9;16;0;0;1;0,0216802168
150;92;102000000000;38400000;3;6;10;19;0;0;0;0,0233128834
150;60;27400000000;29600000;4;6;11;21;0;0;1;0
150;96;126000000000;38600000;7;5;5;17;0;0;0;0,0201900238
150;68;44100000000;32300000;5;2;11;18;0;0;1;0
150;76;116000000000;34400000;7;6;13;26;0;0;1;0
150;72;68300000000;33100000;7;5;9;21;0;0;1;0
150;64;34500000000;31200000;7;6;10;23;0;0;1;0
151;96;108000000000;9930000;1;0;1;2;0;0;0;0,0023752969
151;88;87400000000;9968000;1;0;0;1;0;0;0;0,0013550136
151;72;50900000000;8631000;0;0;0;0;0;0;0;0
151;60;23900000000;8943100;0;1;0;1;0;0;0;0
151;68;39700000000;9115100;0;0;0;0;0;0;0;0
151;64;30300000000;9122500;0;0;0;0;0;0;0;0
151;76;58600000000;9355000;0;2;0;2;0;0;0;0
151;92;101000000000;9867000;0;0;0;0;0;0;0;0
152;60;8430000000;2358000;0;0;0;0;0;0;0;0
152;64;11600000000;2554070;0;0;0;0;0;0;0;0
152;68;15100000000;2662060;0;0;0;0;0;0;0;0
152;72;19600000000;2817260;0;0;0;0;0;0;0;0
152;76;23400000000;3043850;0;0;1;1;0;0;0;0
152;88;36300000000;3471780;0;0;0;0;0;0;0;0
152;92;41900000000;3604000;0;0;1;1;0;0;0;0,0012269939
152;96;47200000000;3783000;0;0;1;1;0;0;0;0,0011876485
153;88;8130000000;405000;0;0;0;0;0;0;0;0
153;92;9560000000;533000;0;0;1;1;0;0;0;0,0012269939
153;96;10200000000;693000;0;0;0;0;0;0;0;0
154;64;9130000000;18900000;2;4;6;12;0;0;1;0
154;96;34100000000;22600000;4;7;9;20;0;0;0;0,0237529691
154;72;18600000000;20700000;3;6;7;16;0;0;1;0
154;92;29100000000;22800000;4;6;8;18;0;0;0;0,0220858896
154;60;6660000000;18400000;3;1;6;10;0;0;1;0
154;76;28300000000;21400000;4;9;14;27;0;0;1;0
154;68;12800000000;19700000;4;6;5;15;0;0;1;0
154;88;41200000000;23100000;7;11;6;24;0;0;1;0,0325203252
155;68;1960000000000;238000000;29;32;30;91;0;0;1;0
155;64;1460000000000;228000000;30;31;25;86;0;0;1;0
155;88;1240000000000;285000000;55;31;46;132;0;0;1;0,1788617886
155;76;997000000000;256000000;49;41;35;125;0;0;1;0
155;72;1730000000000;247000000;50;27;22;99;0;0;1;0
155;60;1180000000000;218000000;43;29;31;103;0;0;1;0
156;96;335000000000;148000000;26;21;16;63;0;0;0;0,0748218527
156;92;454000000000;149000000;45;38;29;112;0;0;1;0,1374233129
157;88;2080000000;6618860;0;0;0;0;0;0;0;0
157;96;1490000000;6727000;0;0;0;0;0;0;0;0
157;92;2090000000;7350000;0;0;0;0;0;0;0;0
158;88;150000000;158360;0;0;0;0;0;0;0;0
158;92;145000000;164020;0;0;0;0;0;0;0;0
158;96;164000000;172090;0;0;0;0;0;0;0;0
159;60;255000000;20000;0;0;0;0;0;0;0;0
159;68;307000000;20000;0;0;0;0;0;0;0;0
159;72;337000000;20000;0;0;0;0;0;0;0;0
159;76;370000000;20000;0;0;0;0;0;0;0;0
159;88;501000000;20000;0;0;0;0;0;0;0;0
159;92;537000000;20000;0;0;0;0;0;0;0;0
159;96;589000000;30000;0;0;0;0;0;0;0;0
160;96;46000000;135270;0;0;0;0;0;0;0;0
161;72;54900000000;6275450;0;0;0;0;0;0;0;0
161;76;79300000000;7574300;0;0;0;0;0;0;0;0
161;88;101000000000;14400000;0;0;0;0;0;0;0;0
161;92;125000000000;16800000;0;0;0;0;0;0;0;0
161;96;127000000000;19400000;0;0;0;0;0;0;0;0
162;64;2350000000;3531680;0;0;0;0;0;0;0;0
162;72;2770000000;4404700;0;0;0;0;0;0;0;0
162;76;3190000000;4944850;0;0;0;0;0;0;0;0
162;88;4090000000;6932730;0;1;0;1;0;0;0;0,0013550136
162;92;4270000000;7698820;0;0;0;0;0;0;0;0
162;96;4750000000;8555610;0;0;0;0;0;0;0;0
163;92;485000000;71660;0;0;0;0;0;0;0;0
163;96;532000000;76540;0;0;0;0;0;0;0;0
164;76;922000000;2989250;0;0;0;0;0;0;0;0
164;88;1050000000;3823800;0;0;0;0;0;0;0;0
164;92;929000000;4191000;0;0;0;0;0;0;0;0
164;96;909000000;4630000;0;0;0;0;0;0;0;0
165;60;4740000000;1471000;0;1;0;1;0;0;0;0
165;68;9180000000;1802810;0;0;0;0;0;0;0;0
165;72;15400000000;1933030;0;0;0;0;0;0;0;0
165;76;20300000000;2078690;0;0;0;0;0;0;0;0
165;88;47200000000;2599000;0;0;0;0;0;0;0;0
165;92;64200000000;2818200;0;0;0;0;0;0;0;0
165;96;91000000000;3044300;0;0;0;0;0;0;0;0
166;96;18500000000;5343000;1;1;1;3;0;0;0;0,0035629454
167;96;19300000000;1991000;0;2;0;2;0;0;0;0,0023752969
167;92;16600000000;1996600;0;0;2;2;0;0;0;0,0024539877
168;88;227000000;299620;0;0;0;0;0;0;0;0
168;92;283000000;344130;0;0;0;0;0;0;0;0
168;96;329000000;390930;0;0;0;0;0;0;0;0
169;72;1950000000;3667320;0;0;0;0;0;0;0;0
169;76;1680000000;4417560;0;0;0;0;0;0;0;0
169;88;1290000000;6962360;0;0;0;0;0;0;0;0
169;92;1100000000;8384340;0;0;0;0;0;0;0;0
169;96;811000000;8482940;0;0;0;0;0;0;0;0
170;96;138000000000;39900000;3;1;1;5;0;0;0;0,0059382423
170;60;43300000000;17400000;0;1;2;3;0;0;0;0
170;92;124000000000;36700000;0;2;0;2;0;0;0;0,0024539877
171;88;482000000000;38700000;1;1;2;4;0;0;0;0,0054200542
171;96;572000000000;39300000;5;6;6;17;0;0;0;0,0201900238
171;92;539000000000;39000000;13;7;2;22;1;0;0;0,026993865
171;60;135000000000;30500000;0;0;1;1;0;0;0;0
171;64;191000000000;31700000;0;0;0;0;0;0;0;0
171;68;242000000000;33100000;0;0;0;0;0;0;0;0
171;72;311000000000;34400000;0;0;1;1;0;0;0;0
171;76;368000000000;35900000;0;2;0;2;0;0;0;0
172;60;2770000000;9889000;0;0;0;0;0;0;0;0
172;64;3190000000;10900000;0;0;0;0;0;0;0;0
172;68;3870000000;12000000;0;0;0;0;0;0;0;0
172;72;4370000000;12900000;0;0;0;0;0;0;0;0
172;76;5320000000;13700000;0;0;0;0;0;0;0;0
172;88;9220000000;16600000;0;0;0;0;0;0;0;0
172;92;10900000000;17400000;0;0;0;0;0;0;0;0
172;96;13500000000;18300000;0;0;0;0;0;0;0;0
173;96;241000000;40880;0;0;0;0;0;0;0;0
174;96;474000000;157860;0;0;0;0;0;0;0;0
175;88;215000000;105150;0;0;0;0;0;0;0;0
175;92;250000000;108870;0;0;0;0;0;0;0;0
175;96;266000000;111680;0;0;0;0;0;0;0;0
176;60;2680000000;11200000;0;0;0;0;0;0;0;0
176;68;2940000000;13200000;0;0;0;0;0;0;0;0
176;72;3060000000;14600000;0;0;0;0;0;0;0;0
176;76;4630000000;16500000;0;0;0;0;0;0;0;0
176;88;4870000000;23000000;0;0;0;0;0;0;0;0
176;92;5540000000;25100000;0;0;0;0;0;0;0;0
176;96;7740000000;27200000;0;0;0;0;0;0;0;0
177;88;285000000;396930;1;0;0;1;0;0;0;0,0013550136
177;60;272000000;290000;0;0;0;0;0;0;0;0
177;76;331000000;354400;0;0;0;0;0;0;0;0
177;72;303000000;381650;0;0;0;0;0;0;0;0
177;92;340000000;405470;0;0;1;1;0;0;0;0,0012269939
177;96;348000000;410340;0;0;0;0;0;0;0;0
178;72;394000000;441850;0;0;0;0;0;0;0;0
178;76;506000000;497500;0;0;0;0;0;0;0;0
178;88;937000000;723340;0;0;0;0;0;0;0;0
178;92;1160000000;819650;0;0;0;0;0;0;0;0
178;96;1320000000;928500;0;0;0;0;0;0;0;0
179;92;220000000000;8668000;1;7;4;12;0;0;0;0,0147239264
179;60;96900000000;7480000;1;2;3;6;0;0;0;0
179;96;234000000000;8843000;2;4;2;8;0;0;0;0,0095011876
179;68;136000000000;7914000;2;1;1;4;0;0;0;0
179;64;120000000000;7661000;2;2;4;8;0;0;0;0
179;76;175000000000;8222000;4;1;0;5;0;0;0;0
179;72;158000000000;8122000;4;6;6;16;0;0;0;0
179;88;218000000000;8436000;0;4;7;11;0;0;0;0,0149051491
180;92;306000000000;6875000;1;0;0;1;0;0;0;0,0012269939
180;76;228000000000;6346000;1;1;2;4;0;0;0;0
180;64;176000000000;5789000;1;2;1;4;0;0;0;0
180;96;307000000000;7074000;4;3;0;7;0;0;0;0,0083135392
180;60;141000000000;5362000;0;3;3;6;0;0;0;0
180;68;198000000000;6068000;0;1;4;5;0;0;0;0
180;72;239000000000;6385000;0;3;0;3;0;0;0;0
180;88;285000000000;6569000;0;2;2;4;0;0;0;0,0054200542
181;96;16900000000;14500000;1;0;0;1;0;0;0;0,0011876485
181;68;3170000000;5853370;0;0;0;0;0;0;0;0
181;72;4970000000;6720040;0;0;0;0;0;0;0;0
181;76;7490000000;7678740;0;0;0;0;0;0;0;0
181;88;11800000000;11300000;0;0;0;0;0;0;0;0
181;92;13700000000;12900000;0;0;0;0;0;0;0;0
182;60;1720000000;10800000;0;1;0;1;0;0;0;0
182;64;2550000000;12200000;0;0;0;0;0;0;0;0
182;68;4280000000;13900000;0;0;1;1;0;0;0;0
182;72;7900000000;15300000;0;0;0;0;0;0;0;0
182;88;126000000000;19900000;0;0;0;0;0;0;0;0
182;92;216000000000;20800000;0;1;0;1;0;0;0;0,0012269939
182;96;275000000000;21500000;0;1;0;1;0;0;0;0,0011876485
183;96;1600000000;5917000;0;0;0;0;0;0;0;0
184;64;1290000000;11400000;0;0;0;0;0;0;0;0
184;68;1650000000;12900000;0;0;0;0;0;0;0;0
184;72;1910000000;14500000;0;0;0;0;0;0;0;0
184;76;2430000000;16400000;0;0;0;0;0;0;0;0
184;88;3800000000;23900000;0;0;0;0;0;0;0;0
184;92;3960000000;27100000;0;0;0;0;0;0;0;0
184;96;4820000000;30500000;0;0;0;0;0;0;0;0
185;96;177000000000;60000000;1;0;1;2;0;0;0;0,0023752969
185;60;12300000000;26400000;0;0;0;0;0;0;0;0
185;64;16100000000;29700000;0;0;0;0;0;0;0;0
185;68;22700000000;33600000;0;0;0;0;0;0;0;0
185;72;29500000000;38000000;0;0;0;0;0;0;0;0
185;76;39000000000;42500000;0;0;1;1;0;0;0;0
185;88;89400000000;53700000;0;0;1;1;0;0;0;0,0013550136
185;92;131000000000;57300000;0;0;1;1;0;0;0;0,0012269939
186;72;841000000;2121000;0;0;0;0;0;0;0;0
186;76;919000000;2344520;0;0;0;0;0;0;0;0
186;88;1270000000;3308600;0;0;0;0;0;0;0;0
186;92;1260000000;3750000;0;0;0;0;0;0;0;0
186;96;1430000000;4230000;0;0;0;0;0;0;0;0
187;88;141000000;95150;0;0;0;0;0;0;0;0
187;92;148000000;96710;0;0;0;0;0;0;0;0
187;96;161000000;97400;0;1;0;1;0;0;0;0,0011876485
188;76;3710000000;1022830;1;0;0;1;0;0;0;0
188;64;2120000000;884990;0;1;2;3;0;0;0;0
188;68;2490000000;942480;0;0;0;0;0;0;0;0
188;72;2960000000;989140;0;0;0;0;0;0;0;0
188;88;4920000000;1217500;0;0;0;0;0;0;0;0
188;92;5000000000;1254850;0;0;0;0;0;0;0;0
188;96;5490000000;1297000;0;0;2;2;0;0;0;0,0023752969
189;68;4690000000;4933130;1;0;1;2;0;0;0;0
189;60;3400000000;4221000;0;0;0;0;0;0;0;0
189;64;4000000000;4530840;0;1;1;2;0;0;0;0
189;72;6700000000;5294360;0;1;0;1;0;0;0;0
189;76;8310000000;5742300;0;0;0;0;0;0;0;0
189;88;13500000000;7859160;0;0;0;0;0;0;0;0
189;92;16700000000;8511940;0;0;0;0;0;0;0;0
189;96;19300000000;9077170;0;0;1;1;0;0;0;0,0011876485
190;88;132000000000;53700000;1;1;0;2;0;0;0;0,0027100271
190;92;155000000000;58400000;2;2;2;6;0;0;0;0,0073619632
190;68;53300000000;33600000;2;0;0;2;0;0;0;0
190;64;41900000000;30400000;2;3;1;6;0;0;0;0
190;96;181000000000;62700000;4;1;1;6;0;0;0;0,0071258907
190;60;33000000000;27500000;7;2;0;9;0;0;0;0
190;72;65300000000;37200000;0;1;0;1;0;0;0;0
190;76;83900000000;40900000;0;0;0;0;0;0;0;0
191;96;4200000000;4598000;0;0;0;0;0;0;0;0
192;72;3530000000;10400000;1;1;0;2;0;0;0;0
192;60;2020000000;6562000;0;0;0;0;0;0;0;0
192;64;2420000000;7687350;0;0;0;0;0;0;0;0
192;68;2950000000;9138270;0;1;1;2;0;0;0;0
192;76;3470000000;11500000;0;0;0;0;0;0;0;0
192;88;3620000000;15300000;0;0;0;0;0;0;0;0
192;92;4480000000;17500000;0;0;0;0;0;0;0;0
192;96;6280000000;19700000;0;0;1;1;0;0;0;0,0011876485
193;96;77300000000;51100000;9;2;12;23;0;0;0;0,0273159145
194;60;9970000000;90000;0;1;1;2;0;0;0;0
194;64;11100000000;112910;0;0;0;0;0;0;0;0
194;88;30100000000;1593220;0;0;0;0;0;0;0;0
194;92;41100000000;2083000;0;0;0;0;0;0;0;0
194;96;44500000000;2458000;0;0;0;0;0;0;0;0
195;96;1130000000000;58800000;1;8;6;15;0;0;0;0,0178147268
195;60;497000000000;52400000;2;6;12;20;0;0;0;0
195;76;748000000000;56200000;3;5;5;13;0;0;0;0
195;92;1010000000000;58000000;5;3;12;20;0;0;0;0,0245398773
195;72;696000000000;56100000;4;5;9;18;0;0;0;0
195;88;1010000000000;57200000;5;10;9;24;0;0;0;0,0325203252
195;64;565000000000;54000000;4;12;2;18;0;0;0;0
195;68;630000000000;55200000;5;5;3;13;0;0;0;0
196;92;6460000000000;255000000;37;34;37;108;0;0;0;0,1325153374
196;88;6070000000000;244000000;36;31;27;94;0;0;0;0,1273712737
196;96;7280000000000;265000000;44;32;25;101;1;0;0;0,1199524941
196;72;4020000000000;210000000;33;31;30;94;0;0;0;0
196;76;4400000000000;218000000;34;35;25;94;0;0;0;0
196;60;2550000000000;181000000;34;21;16;71;0;0;0;0
196;64;3020000000000;192000000;36;26;28;90;0;0;0;0
196;68;3610000000000;201000000;45;28;34;107;0;0;0;0
198;60;9850000000;2538000;0;0;0;0;0;0;0;0
198;64;10200000000;2665000;0;0;1;1;0;0;0;0
198;68;10400000000;2771000;0;0;0;0;0;0;0;0
198;72;11100000000;2820000;0;0;0;0;0;0;0;0
198;76;12700000000;2845000;0;0;0;0;0;0;0;0
198;88;14700000000;3060000;0;0;0;0;0;0;0;0
198;92;16800000000;3148020;0;0;0;0;0;0;0;0
198;96;19000000000;3241670;0;0;0;0;0;0;0;0
199;96;22800000000;23200000;0;1;1;2;0;0;0;0,0023752969
200;88;214000000;139500;0;0;0;0;0;0;0;0
200;92;215000000;155600;0;0;0;0;0;0;0;0
200;96;245000000;172900;0;0;0;0;0;0;0;0
201;68;42600000000;10000000;1;0;0;1;0;0;0;0
201;60;28200000000;7579000;0;0;1;1;0;0;0;0
201;64;36500000000;8796370;0;0;0;0;0;0;0;0
201;72;47500000000;11500000;0;0;0;0;0;0;0;0
201;76;57600000000;13200000;0;1;0;1;0;0;0;0
201;88;67200000000;18400000;0;0;0;0;0;0;0;0
201;92;76100000000;20400000;0;0;0;0;0;0;0;0
201;96;76900000000;22300000;0;0;0;0;0;0;0;0
202;60;7020000000;34700000;0;0;0;0;0;0;0;0
202;64;8340000000;37600000;0;0;0;0;0;0;0;0
202;68;8270000000;40900000;0;0;0;0;0;0;0;0
202;72;10200000000;44800000;0;0;0;0;0;0;0;0
202;76;10100000000;49200000;0;0;0;0;0;0;0;0
202;88;12100000000;63300000;0;0;0;0;0;0;0;0
202;92;15700000000;69400000;0;0;0;0;0;0;0;0
202;96;22100000000;75400000;0;0;0;0;0;0;0;0
204;92;3330000000;13900000;0;0;0;0;0;0;0;0
204;96;3850000000;15700000;0;0;0;0;0;0;0;0
205;96;22500000000;10600000;1;1;2;4;0;0;0;0,0047505938
205;92;25900000000;10500000;0;1;2;3;0;0;0;0,0036809816
206;64;2220000000;3507040;0;0;0;0;0;0;0;0
206;68;2670000000;3952680;0;0;0;0;0;0;0;0
206;72;3040000000;4423360;0;0;0;0;0;0;0;0
206;76;3320000000;5002480;0;0;0;0;0;0;0;0
206;88;3590000000;7322250;0;0;0;0;0;0;0;0
206;92;3470000000;8261540;0;0;0;0;0;0;0;0
206;96;3720000000;9214400;0;1;0;1;0;0;0;0,0011876485
207;60;1790000000;3812000;0;0;0;0;0;0;0;0
207;88;6140000000;9178930;0;0;0;0;0;0;0;0
207;92;6630000000;10300000;0;0;0;0;0;0;0;0
207;96;7650000000;11200000;0;0;0;0;0;0;0;0
210;76;60300000000;14900000;2;2;4;8;0;0;1;0
210;72;48000000000;14500000;2;4;2;8;0;0;1;0
210;88;77300000000;15600000;3;3;2;8;0;0;1;0,0108401084
210;92;63200000000;15600000;4;2;1;7;0;0;0;0,0085889571
210;60;26400000000;13500000;3;2;3;8;0;0;1;0
210;64;28000000000;14000000;5;6;3;14;0;0;1;0
210;68;39000000000;14300000;7;2;4;13;0;0;1;0
211;60;29300000000;17100000;1;1;NA;2;0;1;0;NA
211;76;81200000000;21600000;2;3;3;8;0;1;0;0
211;72;63800000000;20800000;2;1;2;5;0;1;0;0
211;64;39300000000;17800000;2;1;2;5;0;1;0;0
211;88;107000000000;23600000;3;4;5;12;0;1;0;0,0162601626
211;68;50200000000;20000000;3;3;2;8;0;1;0;0
